population	model	scenario	offset	Elevation	Lat	Long
BH	access-cm2	ssp245	1.1309268053798762	511.4294422	37.40985	-119.96458
CC	access-cm2	ssp245	1.9630345395010553	313	39.58597	-121.43311
CP2	access-cm2	ssp245	1.5086521749064579	2244.132886	38.66169	-120.13065
CP3	access-cm2	ssp245	1.2225513092775269	2266.382201	38.70649	-120.08797
DPR	access-cm2	ssp245	2.1436739870707586	1018.591893	39.22846	-120.81518
FR	access-cm2	ssp245	1.4484760618470582	787	40.01362	-121.18498
IH	access-cm2	ssp245	2.0701292562078835	454.1298385	39.09332	-120.92114
LV1	access-cm2	ssp245	0.8314468997525352	2593.416641	40.47471	-121.50486
LV3	access-cm2	ssp245	0.8419178990281335	2353.550747	40.47917	-121.52311
LVTR1	access-cm2	ssp245	1.0028275737001455	2741.38982	40.47917	-121.5032
SC	access-cm2	ssp245	1.832249917579851	421.5178299	38.41167	-120.73583000000001
SQ1	access-cm2	ssp245	1.0756903476022361	1921.036585	36.56435	-118.7764
SQ2	access-cm2	ssp245	1.5474457702296003	1934.45122	36.66557	-118.83543
SQ3	access-cm2	ssp245	1.292326524194552	2373.170732	36.72109	-118.84933
TM2	access-cm2	ssp245	1.9263347539652715	379.1526973	39.59255	-121.55072
WL1	access-cm2	ssp245	1.4284008197713594	1613.837245	38.78608	-120.2143
WL2	access-cm2	ssp245	1.9051327621029743	2020.115818	38.8263	-120.25242
WR	access-cm2	ssp245	1.7040740769533114	1158	39.34346	-120.80659
YO11	access-cm2	ssp245	1.1074674296081706	2872.295032	37.93844	-119.23157
YO4	access-cm2	ssp245	2.250165272227633	2157.57391	37.76378	-119.77244
YO7	access-cm2	ssp245	1.4125514002831965	2469.978665	37.80903	-119.56605
YO8	access-cm2	ssp245	1.163237882912431	2590.97836	37.81117	-119.48624
BH	access-cm2	ssp370	0.7027718831548375	511.4294422	37.40985	-119.96458
CC	access-cm2	ssp370	1.59533218913193	313	39.58597	-121.43311
CP2	access-cm2	ssp370	1.5560350218266135	2244.132886	38.66169	-120.13065
CP3	access-cm2	ssp370	1.3273409171034438	2266.382201	38.70649	-120.08797
DPR	access-cm2	ssp370	1.8148575889994603	1018.591893	39.22846	-120.81518
FR	access-cm2	ssp370	1.2719776270142769	787	40.01362	-121.18498
IH	access-cm2	ssp370	1.6468976735807692	454.1298385	39.09332	-120.92114
LV1	access-cm2	ssp370	0.6354423315553104	2593.416641	40.47471	-121.50486
LV3	access-cm2	ssp370	0.6369168606411368	2353.550747	40.47917	-121.52311
LVTR1	access-cm2	ssp370	0.8684759749580983	2741.38982	40.47917	-121.5032
SC	access-cm2	ssp370	1.1122825246996304	421.5178299	38.41167	-120.73583000000001
SQ1	access-cm2	ssp370	1.2646097718445795	1921.036585	36.56435	-118.7764
SQ2	access-cm2	ssp370	1.2453209846802882	1934.45122	36.66557	-118.83543
SQ3	access-cm2	ssp370	0.8284063862857601	2373.170732	36.72109	-118.84933
TM2	access-cm2	ssp370	1.5369125024126018	379.1526973	39.59255	-121.55072
WL1	access-cm2	ssp370	1.5348699876360405	1613.837245	38.78608	-120.2143
WL2	access-cm2	ssp370	1.800852290635805	2020.115818	38.8263	-120.25242
WR	access-cm2	ssp370	1.2817592195857328	1158	39.34346	-120.80659
YO11	access-cm2	ssp370	1.4878677238985174	2872.295032	37.93844	-119.23157
YO4	access-cm2	ssp370	2.2164947495360767	2157.57391	37.76378	-119.77244
YO7	access-cm2	ssp370	1.8504240183538108	2469.978665	37.80903	-119.56605
YO8	access-cm2	ssp370	1.7978307250395573	2590.97836	37.81117	-119.48624
BH	cnrm-esm2-1	ssp245	0.6084309410118105	511.4294422	37.40985	-119.96458
CC	cnrm-esm2-1	ssp245	0.6356888451675572	313	39.58597	-121.43311
CP2	cnrm-esm2-1	ssp245	0.4744145450240571	2244.132886	38.66169	-120.13065
CP3	cnrm-esm2-1	ssp245	0.5167554048509417	2266.382201	38.70649	-120.08797
DPR	cnrm-esm2-1	ssp245	0.5638141088628164	1018.591893	39.22846	-120.81518
FR	cnrm-esm2-1	ssp245	0.25223074802031326	787	40.01362	-121.18498
IH	cnrm-esm2-1	ssp245	0.451352558025524	454.1298385	39.09332	-120.92114
LV1	cnrm-esm2-1	ssp245	1.311180692520418	2593.416641	40.47471	-121.50486
LV3	cnrm-esm2-1	ssp245	1.2693596643308245	2353.550747	40.47917	-121.52311
LVTR1	cnrm-esm2-1	ssp245	1.6738378322328915	2741.38982	40.47917	-121.5032
SC	cnrm-esm2-1	ssp245	0.49397348445960965	421.5178299	38.41167	-120.73583000000001
SQ1	cnrm-esm2-1	ssp245	1.2008222426364026	1921.036585	36.56435	-118.7764
SQ2	cnrm-esm2-1	ssp245	1.583509459156114	1934.45122	36.66557	-118.83543
SQ3	cnrm-esm2-1	ssp245	1.2592337435630654	2373.170732	36.72109	-118.84933
TM2	cnrm-esm2-1	ssp245	0.8467463973086055	379.1526973	39.59255	-121.55072
WL1	cnrm-esm2-1	ssp245	0.5736832431943466	1613.837245	38.78608	-120.2143
WL2	cnrm-esm2-1	ssp245	0.48194028783256393	2020.115818	38.8263	-120.25242
WR	cnrm-esm2-1	ssp245	0.3221777287786528	1158	39.34346	-120.80659
YO11	cnrm-esm2-1	ssp245	1.7115864572502102	2872.295032	37.93844	-119.23157
YO4	cnrm-esm2-1	ssp245	0.9254296891145701	2157.57391	37.76378	-119.77244
YO7	cnrm-esm2-1	ssp245	0.5405565284256066	2469.978665	37.80903	-119.56605
YO8	cnrm-esm2-1	ssp245	1.0584228737119157	2590.97836	37.81117	-119.48624
BH	cnrm-esm2-1	ssp370	0.9877287456541098	511.4294422	37.40985	-119.96458
CC	cnrm-esm2-1	ssp370	1.7701044721783714	313	39.58597	-121.43311
CP2	cnrm-esm2-1	ssp370	1.5459639484611365	2244.132886	38.66169	-120.13065
CP3	cnrm-esm2-1	ssp370	1.067211048853949	2266.382201	38.70649	-120.08797
DPR	cnrm-esm2-1	ssp370	1.6617321943971453	1018.591893	39.22846	-120.81518
FR	cnrm-esm2-1	ssp370	1.1576083143153215	787	40.01362	-121.18498
IH	cnrm-esm2-1	ssp370	1.6311557442073692	454.1298385	39.09332	-120.92114
LV1	cnrm-esm2-1	ssp370	2.490899295506827	2593.416641	40.47471	-121.50486
LV3	cnrm-esm2-1	ssp370	2.5297106323127956	2353.550747	40.47917	-121.52311
LVTR1	cnrm-esm2-1	ssp370	2.390277158609196	2741.38982	40.47917	-121.5032
SC	cnrm-esm2-1	ssp370	1.2614057498993463	421.5178299	38.41167	-120.73583000000001
SQ1	cnrm-esm2-1	ssp370	1.2696706512473808	1921.036585	36.56435	-118.7764
SQ2	cnrm-esm2-1	ssp370	1.3491914631346338	1934.45122	36.66557	-118.83543
SQ3	cnrm-esm2-1	ssp370	0.9401626899601141	2373.170732	36.72109	-118.84933
TM2	cnrm-esm2-1	ssp370	1.5863505937166442	379.1526973	39.59255	-121.55072
WL1	cnrm-esm2-1	ssp370	1.4902938378139978	1613.837245	38.78608	-120.2143
WL2	cnrm-esm2-1	ssp370	1.7912166905860487	2020.115818	38.8263	-120.25242
WR	cnrm-esm2-1	ssp370	1.3913325928897244	1158	39.34346	-120.80659
YO11	cnrm-esm2-1	ssp370	1.210852720980987	2872.295032	37.93844	-119.23157
YO4	cnrm-esm2-1	ssp370	2.15563595412838	2157.57391	37.76378	-119.77244
YO7	cnrm-esm2-1	ssp370	2.0033113677043684	2469.978665	37.80903	-119.56605
YO8	cnrm-esm2-1	ssp370	1.5022849318471694	2590.97836	37.81117	-119.48624
BH	ec-earth3-veg	ssp245	0.3840230846151422	511.4294422	37.40985	-119.96458
CC	ec-earth3-veg	ssp245	0.7104080807381162	313	39.58597	-121.43311
CP2	ec-earth3-veg	ssp245	1.1801891857019842	2244.132886	38.66169	-120.13065
CP3	ec-earth3-veg	ssp245	0.8699878248581212	2266.382201	38.70649	-120.08797
DPR	ec-earth3-veg	ssp245	1.536678987464016	1018.591893	39.22846	-120.81518
FR	ec-earth3-veg	ssp245	0.4446073160176113	787	40.01362	-121.18498
IH	ec-earth3-veg	ssp245	1.1071946058267594	454.1298385	39.09332	-120.92114
LV1	ec-earth3-veg	ssp245	1.2515743569746391	2593.416641	40.47471	-121.50486
LV3	ec-earth3-veg	ssp245	1.252371718040973	2353.550747	40.47917	-121.52311
LVTR1	ec-earth3-veg	ssp245	1.4558462649517165	2741.38982	40.47917	-121.5032
SC	ec-earth3-veg	ssp245	0.729216715970849	421.5178299	38.41167	-120.73583000000001
SQ1	ec-earth3-veg	ssp245	0.9273281588192147	1921.036585	36.56435	-118.7764
SQ2	ec-earth3-veg	ssp245	1.4266313649087958	1934.45122	36.66557	-118.83543
SQ3	ec-earth3-veg	ssp245	1.1382781753680575	2373.170732	36.72109	-118.84933
TM2	ec-earth3-veg	ssp245	0.6670957043507152	379.1526973	39.59255	-121.55072
WL1	ec-earth3-veg	ssp245	1.0267249565938277	1613.837245	38.78608	-120.2143
WL2	ec-earth3-veg	ssp245	1.4952390687936166	2020.115818	38.8263	-120.25242
WR	ec-earth3-veg	ssp245	1.3467110721192104	1158	39.34346	-120.80659
YO11	ec-earth3-veg	ssp245	0.5309223462558746	2872.295032	37.93844	-119.23157
YO4	ec-earth3-veg	ssp245	1.9466859869755386	2157.57391	37.76378	-119.77244
YO7	ec-earth3-veg	ssp245	1.279947553521031	2469.978665	37.80903	-119.56605
YO8	ec-earth3-veg	ssp245	0.9288299852168223	2590.97836	37.81117	-119.48624
BH	ec-earth3-veg	ssp370	3.0055332122204446	511.4294422	37.40985	-119.96458
CC	ec-earth3-veg	ssp370	3.859673577276947	313	39.58597	-121.43311
CP2	ec-earth3-veg	ssp370	2.7470917374563535	2244.132886	38.66169	-120.13065
CP3	ec-earth3-veg	ssp370	2.6845460522152154	2266.382201	38.70649	-120.08797
DPR	ec-earth3-veg	ssp370	4.23986789364443	1018.591893	39.22846	-120.81518
FR	ec-earth3-veg	ssp370	4.949789343991733	787	40.01362	-121.18498
IH	ec-earth3-veg	ssp370	4.174454751837645	454.1298385	39.09332	-120.92114
LV1	ec-earth3-veg	ssp370	3.8419368532630824	2593.416641	40.47471	-121.50486
LV3	ec-earth3-veg	ssp370	3.8949134802826433	2353.550747	40.47917	-121.52311
LVTR1	ec-earth3-veg	ssp370	3.5205157585486178	2741.38982	40.47917	-121.5032
SC	ec-earth3-veg	ssp370	3.156726982358821	421.5178299	38.41167	-120.73583000000001
SQ1	ec-earth3-veg	ssp370	3.456115748561422	1921.036585	36.56435	-118.7764
SQ2	ec-earth3-veg	ssp370	2.539602475073958	1934.45122	36.66557	-118.83543
SQ3	ec-earth3-veg	ssp370	2.1068133738711907	2373.170732	36.72109	-118.84933
TM2	ec-earth3-veg	ssp370	3.9246714452596017	379.1526973	39.59255	-121.55072
WL1	ec-earth3-veg	ssp370	3.4738592282972744	1613.837245	38.78608	-120.2143
WL2	ec-earth3-veg	ssp370	3.6054277015082157	2020.115818	38.8263	-120.25242
WR	ec-earth3-veg	ssp370	3.689187420882041	1158	39.34346	-120.80659
YO11	ec-earth3-veg	ssp370	2.6958370933125995	2872.295032	37.93844	-119.23157
YO4	ec-earth3-veg	ssp370	4.105540095080291	2157.57391	37.76378	-119.77244
YO7	ec-earth3-veg	ssp370	3.796979889479362	2469.978665	37.80903	-119.56605
YO8	ec-earth3-veg	ssp370	3.2737105083004594	2590.97836	37.81117	-119.48624
BH	miroc6	ssp245	2.29676722469488	511.4294422	37.40985	-119.96458
CC	miroc6	ssp245	0.20017598368623948	313	39.58597	-121.43311
CP2	miroc6	ssp245	2.488248593568767	2244.132886	38.66169	-120.13065
CP3	miroc6	ssp245	2.283856524418601	2266.382201	38.70649	-120.08797
DPR	miroc6	ssp245	1.8931082664822245	1018.591893	39.22846	-120.81518
FR	miroc6	ssp245	0.8814412267959758	787	40.01362	-121.18498
IH	miroc6	ssp245	1.5684505448245247	454.1298385	39.09332	-120.92114
LV1	miroc6	ssp245	1.2050612382598298	2593.416641	40.47471	-121.50486
LV3	miroc6	ssp245	1.154665323719346	2353.550747	40.47917	-121.52311
LVTR1	miroc6	ssp245	1.5689703992949693	2741.38982	40.47917	-121.5032
SC	miroc6	ssp245	1.942988621361934	421.5178299	38.41167	-120.73583000000001
SQ1	miroc6	ssp245	1.8341855565680754	1921.036585	36.56435	-118.7764
SQ2	miroc6	ssp245	1.8523263949299893	1934.45122	36.66557	-118.83543
SQ3	miroc6	ssp245	1.406547241730145	2373.170732	36.72109	-118.84933
TM2	miroc6	ssp245	0.21382297085706153	379.1526973	39.59255	-121.55072
WL1	miroc6	ssp245	2.5724377305073443	1613.837245	38.78608	-120.2143
WL2	miroc6	ssp245	3.0875438887130087	2020.115818	38.8263	-120.25242
WR	miroc6	ssp245	1.3100786207980755	1158	39.34346	-120.80659
YO11	miroc6	ssp245	4.095244805147087	2872.295032	37.93844	-119.23157
YO4	miroc6	ssp245	3.985975209535875	2157.57391	37.76378	-119.77244
YO7	miroc6	ssp245	3.5627549224308024	2469.978665	37.80903	-119.56605
YO8	miroc6	ssp245	3.5342680018848536	2590.97836	37.81117	-119.48624
BH	miroc6	ssp370	2.968203964388646	511.4294422	37.40985	-119.96458
CC	miroc6	ssp370	1.1775788343625193	313	39.58597	-121.43311
CP2	miroc6	ssp370	2.4700027625631527	2244.132886	38.66169	-120.13065
CP3	miroc6	ssp370	2.634641679881074	2266.382201	38.70649	-120.08797
DPR	miroc6	ssp370	2.6919946142976117	1018.591893	39.22846	-120.81518
FR	miroc6	ssp370	1.8264165838712725	787	40.01362	-121.18498
IH	miroc6	ssp370	2.721611686356001	454.1298385	39.09332	-120.92114
LV1	miroc6	ssp370	0.5873496891306659	2593.416641	40.47471	-121.50486
LV3	miroc6	ssp370	0.631528687889758	2353.550747	40.47917	-121.52311
LVTR1	miroc6	ssp370	0.5240491573338775	2741.38982	40.47917	-121.5032
SC	miroc6	ssp370	2.1594960058783235	421.5178299	38.41167	-120.73583000000001
SQ1	miroc6	ssp370	2.110710722252745	1921.036585	36.56435	-118.7764
SQ2	miroc6	ssp370	2.0774962902659038	1934.45122	36.66557	-118.83543
SQ3	miroc6	ssp370	1.5656005006833293	2373.170732	36.72109	-118.84933
TM2	miroc6	ssp370	0.97074810424991	379.1526973	39.59255	-121.55072
WL1	miroc6	ssp370	2.8533137576844974	1613.837245	38.78608	-120.2143
WL2	miroc6	ssp370	3.1432446138765484	2020.115818	38.8263	-120.25242
WR	miroc6	ssp370	2.3548848619447087	1158	39.34346	-120.80659
YO11	miroc6	ssp370	3.494214760192153	2872.295032	37.93844	-119.23157
YO4	miroc6	ssp370	3.7689129251544533	2157.57391	37.76378	-119.77244
YO7	miroc6	ssp370	3.7442214003101975	2469.978665	37.80903	-119.56605
YO8	miroc6	ssp370	3.5096703295349343	2590.97836	37.81117	-119.48624
BH	mpi-esm1-2-hr	ssp245	2.1266291192028506	511.4294422	37.40985	-119.96458
CC	mpi-esm1-2-hr	ssp245	2.6134844899950043	313	39.58597	-121.43311
CP2	mpi-esm1-2-hr	ssp245	1.386246568683574	2244.132886	38.66169	-120.13065
CP3	mpi-esm1-2-hr	ssp245	1.2702694842120144	2266.382201	38.70649	-120.08797
DPR	mpi-esm1-2-hr	ssp245	2.3133566196644635	1018.591893	39.22846	-120.81518
FR	mpi-esm1-2-hr	ssp245	2.409118638477875	787	40.01362	-121.18498
IH	mpi-esm1-2-hr	ssp245	2.5101640555292732	454.1298385	39.09332	-120.92114
LV1	mpi-esm1-2-hr	ssp245	1.066836419755253	2593.416641	40.47471	-121.50486
LV3	mpi-esm1-2-hr	ssp245	1.110684312050551	2353.550747	40.47917	-121.52311
LVTR1	mpi-esm1-2-hr	ssp245	0.9489609352584865	2741.38982	40.47917	-121.5032
SC	mpi-esm1-2-hr	ssp245	2.0970838734180113	421.5178299	38.41167	-120.73583000000001
SQ1	mpi-esm1-2-hr	ssp245	2.3308483403733744	1921.036585	36.56435	-118.7764
SQ2	mpi-esm1-2-hr	ssp245	2.136490462777662	1934.45122	36.66557	-118.83543
SQ3	mpi-esm1-2-hr	ssp245	1.572276338580862	2373.170732	36.72109	-118.84933
TM2	mpi-esm1-2-hr	ssp245	2.8095347578338097	379.1526973	39.59255	-121.55072
WL1	mpi-esm1-2-hr	ssp245	1.7424632480640587	1613.837245	38.78608	-120.2143
WL2	mpi-esm1-2-hr	ssp245	2.053002821230259	2020.115818	38.8263	-120.25242
WR	mpi-esm1-2-hr	ssp245	1.987864681249518	1158	39.34346	-120.80659
YO11	mpi-esm1-2-hr	ssp245	1.715607331449075	2872.295032	37.93844	-119.23157
YO4	mpi-esm1-2-hr	ssp245	2.654860598170756	2157.57391	37.76378	-119.77244
YO7	mpi-esm1-2-hr	ssp245	2.551805249879636	2469.978665	37.80903	-119.56605
YO8	mpi-esm1-2-hr	ssp245	2.0272941637020465	2590.97836	37.81117	-119.48624
BH	mpi-esm1-2-hr	ssp370	2.4061066563772733	511.4294422	37.40985	-119.96458
CC	mpi-esm1-2-hr	ssp370	2.7938488041462066	313	39.58597	-121.43311
CP2	mpi-esm1-2-hr	ssp370	1.1024868280169575	2244.132886	38.66169	-120.13065
CP3	mpi-esm1-2-hr	ssp370	0.8345117780014913	2266.382201	38.70649	-120.08797
DPR	mpi-esm1-2-hr	ssp370	2.096771600455247	1018.591893	39.22846	-120.81518
FR	mpi-esm1-2-hr	ssp370	1.9272322173019083	787	40.01362	-121.18498
IH	mpi-esm1-2-hr	ssp370	2.445326954568916	454.1298385	39.09332	-120.92114
LV1	mpi-esm1-2-hr	ssp370	1.616336527249324	2593.416641	40.47471	-121.50486
LV3	mpi-esm1-2-hr	ssp370	1.6379022245328245	2353.550747	40.47917	-121.52311
LVTR1	mpi-esm1-2-hr	ssp370	1.6794234079264225	2741.38982	40.47917	-121.5032
SC	mpi-esm1-2-hr	ssp370	2.4638902726744716	421.5178299	38.41167	-120.73583000000001
SQ1	mpi-esm1-2-hr	ssp370	0.9737530854018953	1921.036585	36.56435	-118.7764
SQ2	mpi-esm1-2-hr	ssp370	0.718361495309593	1934.45122	36.66557	-118.83543
SQ3	mpi-esm1-2-hr	ssp370	0.44266942407651044	2373.170732	36.72109	-118.84933
TM2	mpi-esm1-2-hr	ssp370	2.544043648756917	379.1526973	39.59255	-121.55072
WL1	mpi-esm1-2-hr	ssp370	1.5912897038569405	1613.837245	38.78608	-120.2143
WL2	mpi-esm1-2-hr	ssp370	1.9953051917024793	2020.115818	38.8263	-120.25242
WR	mpi-esm1-2-hr	ssp370	1.7231890291315213	1158	39.34346	-120.80659
YO11	mpi-esm1-2-hr	ssp370	0.3089850687170729	2872.295032	37.93844	-119.23157
YO4	mpi-esm1-2-hr	ssp370	2.3465107212082716	2157.57391	37.76378	-119.77244
YO7	mpi-esm1-2-hr	ssp370	1.6733343857668836	2469.978665	37.80903	-119.56605
YO8	mpi-esm1-2-hr	ssp370	0.9327757723263874	2590.97836	37.81117	-119.48624
BH	mri-esm2-0	ssp245	0.42501205067889836	511.4294422	37.40985	-119.96458
CC	mri-esm2-0	ssp245	0.31725675777293344	313	39.58597	-121.43311
CP2	mri-esm2-0	ssp245	1.196567896047783	2244.132886	38.66169	-120.13065
CP3	mri-esm2-0	ssp245	1.2417204273763291	2266.382201	38.70649	-120.08797
DPR	mri-esm2-0	ssp245	1.1197005861447313	1018.591893	39.22846	-120.81518
FR	mri-esm2-0	ssp245	1.3232580515927956	787	40.01362	-121.18498
IH	mri-esm2-0	ssp245	0.9215911628221963	454.1298385	39.09332	-120.92114
LV1	mri-esm2-0	ssp245	0.30083279727730716	2593.416641	40.47471	-121.50486
LV3	mri-esm2-0	ssp245	0.24805734116662811	2353.550747	40.47917	-121.52311
LVTR1	mri-esm2-0	ssp245	0.656055264080666	2741.38982	40.47917	-121.5032
SC	mri-esm2-0	ssp245	0.7044824935973321	421.5178299	38.41167	-120.73583000000001
SQ1	mri-esm2-0	ssp245	1.3792552850370847	1921.036585	36.56435	-118.7764
SQ2	mri-esm2-0	ssp245	2.0697201040087463	1934.45122	36.66557	-118.83543
SQ3	mri-esm2-0	ssp245	1.7538722699201852	2373.170732	36.72109	-118.84933
TM2	mri-esm2-0	ssp245	0.42726618152994117	379.1526973	39.59255	-121.55072
WL1	mri-esm2-0	ssp245	1.4659991494484612	1613.837245	38.78608	-120.2143
WL2	mri-esm2-0	ssp245	1.802832642662238	2020.115818	38.8263	-120.25242
WR	mri-esm2-0	ssp245	0.7243643090551479	1158	39.34346	-120.80659
YO11	mri-esm2-0	ssp245	1.624725741382478	2872.295032	37.93844	-119.23157
YO4	mri-esm2-0	ssp245	1.5046679185712941	2157.57391	37.76378	-119.77244
YO7	mri-esm2-0	ssp245	1.9957105411555287	2469.978665	37.80903	-119.56605
YO8	mri-esm2-0	ssp245	1.4479801958024296	2590.97836	37.81117	-119.48624
BH	mri-esm2-0	ssp370	2.1951109813858722	511.4294422	37.40985	-119.96458
CC	mri-esm2-0	ssp370	2.0796480130976223	313	39.58597	-121.43311
CP2	mri-esm2-0	ssp370	0.5349799159297741	2244.132886	38.66169	-120.13065
CP3	mri-esm2-0	ssp370	0.3351979518622798	2266.382201	38.70649	-120.08797
DPR	mri-esm2-0	ssp370	2.0156884795365997	1018.591893	39.22846	-120.81518
FR	mri-esm2-0	ssp370	1.293008598549027	787	40.01362	-121.18498
IH	mri-esm2-0	ssp370	2.4286077101542736	454.1298385	39.09332	-120.92114
LV1	mri-esm2-0	ssp370	2.6513172095067303	2593.416641	40.47471	-121.50486
LV3	mri-esm2-0	ssp370	2.6773362206584386	2353.550747	40.47917	-121.52311
LVTR1	mri-esm2-0	ssp370	2.6624446438770004	2741.38982	40.47917	-121.5032
SC	mri-esm2-0	ssp370	2.2213562552330832	421.5178299	38.41167	-120.73583000000001
SQ1	mri-esm2-0	ssp370	0.9705778217519773	1921.036585	36.56435	-118.7764
SQ2	mri-esm2-0	ssp370	1.078347868422943	1934.45122	36.66557	-118.83543
SQ3	mri-esm2-0	ssp370	0.7889104428711514	2373.170732	36.72109	-118.84933
TM2	mri-esm2-0	ssp370	2.4218199867116486	379.1526973	39.59255	-121.55072
WL1	mri-esm2-0	ssp370	0.6434852359332316	1613.837245	38.78608	-120.2143
WL2	mri-esm2-0	ssp370	1.3349922489507948	2020.115818	38.8263	-120.25242
WR	mri-esm2-0	ssp370	1.597407804760164	1158	39.34346	-120.80659
YO11	mri-esm2-0	ssp370	1.596894211616136	2872.295032	37.93844	-119.23157
YO4	mri-esm2-0	ssp370	2.7489249097293644	2157.57391	37.76378	-119.77244
YO7	mri-esm2-0	ssp370	1.8950601924180908	2469.978665	37.80903	-119.56605
YO8	mri-esm2-0	ssp370	2.4571149454522434	2590.97836	37.81117	-119.48624
BH	ensemble	ssp245	2.6942763919651846	511.4294422	37.40985	-119.96458
CC	ensemble	ssp245	2.5217676828175857	313	39.58597	-121.43311
CP2	ensemble	ssp245	2.2196501646555795	2244.132886	38.66169	-120.13065
CP3	ensemble	ssp245	2.4448694912153512	2266.382201	38.70649	-120.08797
DPR	ensemble	ssp245	1.6992224477768845	1018.591893	39.22846	-120.81518
FR	ensemble	ssp245	2.2375931625402035	787	40.01362	-121.18498
IH	ensemble	ssp245	2.148416985757808	454.1298385	39.09332	-120.92114
LV1	ensemble	ssp245	4.022908175883066	2593.416641	40.47471	-121.50486
LV3	ensemble	ssp245	3.9774809958856294	2353.550747	40.47917	-121.52311
LVTR1	ensemble	ssp245	4.389498339119966	2741.38982	40.47917	-121.5032
SC	ensemble	ssp245	2.6301489747084505	421.5178299	38.41167	-120.73583000000001
SQ1	ensemble	ssp245	1.8456764133290153	1921.036585	36.56435	-118.7764
SQ2	ensemble	ssp245	2.1068639934517255	1934.45122	36.66557	-118.83543
SQ3	ensemble	ssp245	2.34701190808578	2373.170732	36.72109	-118.84933
TM2	ensemble	ssp245	2.5383722017345445	379.1526973	39.59255	-121.55072
WL1	ensemble	ssp245	1.9763026167199107	1613.837245	38.78608	-120.2143
WL2	ensemble	ssp245	1.9133737683869378	2020.115818	38.8263	-120.25242
WR	ensemble	ssp245	1.9503383379923118	1158	39.34346	-120.80659
YO11	ensemble	ssp245	2.467024597368532	2872.295032	37.93844	-119.23157
YO4	ensemble	ssp245	2.027330188350308	2157.57391	37.76378	-119.77244
YO7	ensemble	ssp245	2.048161012108482	2469.978665	37.80903	-119.56605
YO8	ensemble	ssp245	2.209691077998088	2590.97836	37.81117	-119.48624
BH	ensemble	ssp370	2.333433727656688	511.4294422	37.40985	-119.96458
CC	ensemble	ssp370	2.059345271106846	313	39.58597	-121.43311
CP2	ensemble	ssp370	2.0165987098790343	2244.132886	38.66169	-120.13065
CP3	ensemble	ssp370	2.2253905888251846	2266.382201	38.70649	-120.08797
DPR	ensemble	ssp370	1.5271471230481135	1018.591893	39.22846	-120.81518
FR	ensemble	ssp370	1.4003027735544056	787	40.01362	-121.18498
IH	ensemble	ssp370	1.9008832638000577	454.1298385	39.09332	-120.92114
LV1	ensemble	ssp370	3.0365946940855393	2593.416641	40.47471	-121.50486
LV3	ensemble	ssp370	3.002951195042122	2353.550747	40.47917	-121.52311
LVTR1	ensemble	ssp370	3.3767208528161246	2741.38982	40.47917	-121.5032
SC	ensemble	ssp370	2.394363051977282	421.5178299	38.41167	-120.73583000000001
SQ1	ensemble	ssp370	1.2502658811021399	1921.036585	36.56435	-118.7764
SQ2	ensemble	ssp370	1.6638835670546221	1934.45122	36.66557	-118.83543
SQ3	ensemble	ssp370	1.9164120805568603	2373.170732	36.72109	-118.84933
TM2	ensemble	ssp370	2.0918462602263537	379.1526973	39.59255	-121.55072
WL1	ensemble	ssp370	1.6707282353413644	1613.837245	38.78608	-120.2143
WL2	ensemble	ssp370	1.7139913655902275	2020.115818	38.8263	-120.25242
WR	ensemble	ssp370	1.6715860587058682	1158	39.34346	-120.80659
YO11	ensemble	ssp370	2.3483800120785707	2872.295032	37.93844	-119.23157
YO4	ensemble	ssp370	1.8806440627474692	2157.57391	37.76378	-119.77244
YO7	ensemble	ssp370	1.730286232473684	2469.978665	37.80903	-119.56605
YO8	ensemble	ssp370	1.8041968511444646	2590.97836	37.81117	-119.48624
