population	year	ppt	tasmax	tasmin
BH	1981	596.79	309.19	277.28999999999996
BH	1982	1111.75	306.60999999999996	273.54999999999995
BH	1983	1128.2300000000002	306.15	275.84
BH	1984	379.92	309.27	274.69
BH	1985	454.13	308.65	274.14
BH	1986	572.37	308.59	275.58
BH	1987	451.0300000000001	306.72999999999996	273.65
BH	1988	443.0799999999999	309.47999999999996	273.97999999999996
BH	1989	390.21	308.26	272.40999999999997
BH	1990	352.13999999999993	308.35999999999996	271.62
BH	1991	559.1399999999999	308.39	274.34
BH	1992	559.43	308.55999999999995	273.88
BH	1993	683.3499999999999	306.34999999999997	274.83
BH	1994	455.91999999999996	308.94	274.66999999999996
BH	1995	838.18	307.84999999999997	277.08
BH	1996	974.36	309.59	276.57
BH	1997	481.3	306.82	274.78
BH	1998	915.2499999999999	308.85999999999996	272.57
BH	1999	407.25	306.94	274.32
BH	2000	723.9399999999999	308.01	275.06
BH	2001	635.2	308.46999999999997	273.9
BH	2002	438.80999999999995	309.34999999999997	274.54999999999995
BH	2003	432.48999999999995	310.34999999999997	275.41999999999996
BH	2004	531.54	308.55999999999995	275.14
BH	2005	756.5000000000001	310.51	276.33
BH	2006	662.03	310.32	274.73999999999995
BH	2007	345.93	307.83	272.09999999999997
BH	2008	480.54	308.39	274.60999999999996
BH	2009	534.66	309.15999999999997	274.71
BH	2010	866.6900000000002	307.89	276.73999999999995
CC	1981	1307.56	308.39	277.53999999999996
CC	1982	1370.1599999999999	306.15	274.40999999999997
CC	1983	1885.28	306.25	276.42999999999995
CC	1984	725.7	309.49	275.34
CC	1985	634.8299999999999	307.88	273.79999999999995
CC	1986	1153.0800000000002	307.85999999999996	275.66999999999996
CC	1987	882.1300000000001	307.03	274.34999999999997
CC	1988	760.65	309.49	275.45
CC	1989	791.59	307.57	274.5
CC	1990	698.91	307.95	272.58
CC	1991	862.7599999999999	307.76	275.12
CC	1992	932.8900000000001	308.88	274.87
CC	1993	1257.65	306.2	275.47999999999996
CC	1994	818.97	308.39	274.98999999999995
CC	1995	1589.2099	307.34999999999997	278.7
CC	1996	1444.7999999999997	309.09999999999997	277.12
CC	1997	962.6500000000001	307.59	276.89
CC	1998	1614.85	308.54999999999995	274.65
CC	1999	759.62	305.67999999999995	276.19
CC	2000	1073.52	307.02	276.46
CC	2001	1036.8	307.47999999999996	275.46999999999997
CC	2002	951.3699999999999	307.90999999999997	275.96
CC	2003	1005.11	309.49	277.09
CC	2004	900.0600000000001	307.42999999999995	276.69
CC	2005	1315.6399999999996	309.49	277.09
CC	2006	1201.68	309.88	276.83
CC	2007	715.12	307.42999999999995	274.42999999999995
CC	2008	687.7900000000001	308.09999999999997	275.17999999999995
CC	2009	837.2799999999999	308.25	275.75
CC	2010	1359.4600000000003	307.28999999999996	278.45
CP2	1981	1538.8000000000002	298.75	267.71999999999997
CP2	1982	2177.4900000000002	295.62	265.38
CP2	1983	2489.7900000000004	294.03999999999996	267.39
CP2	1984	1099.21	297.22999999999996	265.71
CP2	1985	1042.65	297.78999999999996	265.53999999999996
CP2	1986	1386.9899	297.92999999999995	269
CP2	1987	930.71	298.38	265.89
CP2	1988	841.4799999999999	298.97999999999996	266.33
CP2	1989	1146.54	296.91999999999996	265.22999999999996
CP2	1990	803.3299999999998	296.89	263.54999999999995
CP2	1991	1054.75	296.77	265.69
CP2	1992	1171.29	297.38	265.21
CP2	1993	1260.27	295.42999999999995	265.65999999999997
CP2	1994	1049.36	299.15999999999997	264.92999999999995
CP2	1995	1854.5598000000002	296.84	268.29999999999995
CP2	1996	2161.6	298.34999999999997	268.13
CP2	1997	1117.1598999999999	297.06	266.44
CP2	1998	1809.1899999999998	298.22999999999996	265.95
CP2	1999	1226.13	296.34	265.7
CP2	2000	1297.19	297.59999999999997	268.03
CP2	2001	1215.84	299.44	265.71999999999997
CP2	2002	1110.09	299.4	265.9
CP2	2003	1192.0900000000001	299.07	266.76
CP2	2004	1027.3600000000001	297.72999999999996	266.07
CP2	2005	1673.29	299.38	268.38
CP2	2006	1409.9	299	265.09999999999997
CP2	2007	763.0900000000001	298.88	266.40999999999997
CP2	2008	969.0999999999998	298.94	266.52
CP2	2009	1135.72	298.59	267.13
CP2	2010	1677.1100000000001	297.79999999999995	268.31
CP3	1981	1473.47	297.89	267.02
CP3	1982	2063.0499999999997	294.67999999999995	264.66999999999996
CP3	1983	2347.41	293.06	266.71
CP3	1984	1059.1400000000003	296.35999999999996	265.07
CP3	1985	990.1700000000001	296.96999999999997	264.9
CP3	1986	1309.7099	297.15	268.53999999999996
CP3	1987	891.0500000000001	297.65	265.23999999999995
CP3	1988	808.79	298.17999999999995	265.59
CP3	1989	1127.27	296.22999999999996	264.53
CP3	1990	794.05	296.17999999999995	262.73999999999995
CP3	1991	1039.24	296.02	264.94
CP3	1992	1143.22	296.44	264.35999999999996
CP3	1993	1192.26	294.62	264.84
CP3	1994	1013.28	298.38	264.03
CP3	1995	1765.6199000000001	295.97999999999996	267.59999999999997
CP3	1996	2090.3199999999997	297.71	267.42999999999995
CP3	1997	1105.07	296.34	265.53
CP3	1998	1745.21	297.41999999999996	265.03999999999996
CP3	1999	1172.0800000000002	295.54999999999995	264.81
CP3	2000	1216.7400000000002	296.82	267.26
CP3	2001	1146.6	298.78999999999996	264.82
CP3	2002	1060.59	298.71999999999997	264.97999999999996
CP3	2003	1139.79	298.19	265.91999999999996
CP3	2004	980.2399999999999	296.81	265.22999999999996
CP3	2005	1592.33	298.54999999999995	267.69
CP3	2006	1339.03	298.09999999999997	264.34
CP3	2007	723.1500000000001	298.09	265.46
CP3	2008	940.2299999999999	298.07	265.67999999999995
CP3	2009	1083.29	297.60999999999996	266.32
CP3	2010	1615.3400000000001	296.96999999999997	267.53999999999996
DPR	1981	1909.7500000000002	305.71999999999997	274.45
DPR	1982	2189.15	303.72999999999996	271.39
DPR	1983	2689.9597999999996	302.62	273.71
DPR	1984	1070.84	306.09999999999997	271.76
DPR	1985	999.99	305.46	272.67999999999995
DPR	1986	1672.9599000000003	305.58	274.51
DPR	1987	1097.46	304.66999999999996	272.29999999999995
DPR	1988	1060.77	306.26	273.4
DPR	1989	1235.6299	304.16999999999996	272.03
DPR	1990	886.7199999999999	304.08	270.71999999999997
DPR	1991	1239.37	304.13	273.17999999999995
DPR	1992	1246.76	305.82	272.46
DPR	1993	1593.37	302.54999999999995	272.73999999999995
DPR	1994	1150.9899999999998	305.35999999999996	272.98999999999995
DPR	1995	2165.0897999999997	303.91999999999996	275.28
DPR	1996	2434.0699000000004	305.25	275.03
DPR	1997	1343.3600000000001	303.37	273.71
DPR	1998	2100.9399	305.59	272.27
DPR	1999	1274.3600000000001	303.15	273.5
DPR	2000	1555.9	304.16999999999996	274.71999999999997
DPR	2001	1300.4399999999998	305.34999999999997	273.23999999999995
DPR	2002	1322.53	305.96999999999997	273.09999999999997
DPR	2003	1325.3200000000002	306.95	274.23999999999995
DPR	2004	1151.2399999999998	305.01	273.60999999999996
DPR	2005	1997.3599000000002	306.29999999999995	274.65
DPR	2006	1689.19	307.02	272.84999999999997
DPR	2007	1040.8600000000001	304.92999999999995	272.31
DPR	2008	976.99	305.87	273.31
DPR	2009	1191.18	305.52	273.67999999999995
DPR	2010	1971.0699999999997	304.47999999999996	275.25
FR	1981	1389.52	307.59999999999997	273.78
FR	1982	1332.43	304.64	269.73999999999995
FR	1983	1910.0500000000002	303.73999999999995	273.15999999999997
FR	1984	751.29	307.62	271.29999999999995
FR	1985	615.45	307.17999999999995	270.84
FR	1986	1174.8399	307.58	273.06
FR	1987	750.0200000000001	306.89	271.06
FR	1988	631.58	307.64	271.84999999999997
FR	1989	895.9100000000001	304.42999999999995	270
FR	1990	629.23	304.91999999999996	268.62
FR	1991	753.0699999999999	306.09999999999997	271.54999999999995
FR	1992	830.0000000000001	307.24	271.34999999999997
FR	1993	1248.22	304.42999999999995	271.16999999999996
FR	1994	804.58	308.28	272.03
FR	1995	1895.1398000000002	305.4	274.31
FR	1996	1792.2499999999998	307.12	273.96
FR	1997	935.86	305.16999999999996	272.48999999999995
FR	1998	1458.2300000000002	307.14	270.75
FR	1999	848.53	304.75	272.65
FR	2000	1015.96	305.34999999999997	272.85999999999996
FR	2001	891.71	306.52	271.42999999999995
FR	2002	927.84	307.57	271.59999999999997
FR	2003	942.4	307.95	272.84
FR	2004	891.0800000000002	306.09999999999997	272.62
FR	2005	1334.5700000000002	307.44	273.01
FR	2006	1171.6000000000004	307.42999999999995	272.60999999999996
FR	2007	621.24	305.80999999999995	270.27
FR	2008	758.5400000000002	307.04999999999995	271.46
FR	2009	858.7299999999999	306.5	271.34999999999997
FR	2010	1256.3200000000002	305.77	273.90999999999997
IH	1981	1380.21	307.09	276.51
IH	1982	1629.9500000000003	305.25	272.92999999999995
IH	1983	1956.69	305.21	275.03
IH	1984	756.0200000000001	307.71	273.32
IH	1985	750.76	307.46	272.96999999999997
IH	1986	1172.2599	307.22999999999996	275.15
IH	1987	797.08	305.9	273.40999999999997
IH	1988	771.08	308.49	274.77
IH	1989	884.05	306.17999999999995	273.82
IH	1990	661.12	306.33	271.78
IH	1991	926.46	306.38	274.54999999999995
IH	1992	954.6	307.59999999999997	274.01
IH	1993	1183.0800000000002	304.85999999999996	274.7
IH	1994	861.1099999999999	307.34999999999997	274.34999999999997
IH	1995	1548.45	306.34	277.46
IH	1996	1661.3299	307.53	276.28999999999996
IH	1997	992.8699999999998	305.54999999999995	274.75
IH	1998	1609.3700000000003	307.17999999999995	273.03999999999996
IH	1999	916.9499999999999	304.53999999999996	274.84
IH	2000	1214.15	305.82	275.01
IH	2001	967.43	307.08	273.97999999999996
IH	2002	974.84	307.79999999999995	274.12
IH	2003	934.2599999999999	309.03999999999996	275.54999999999995
IH	2004	877.26	306.78	275.09
IH	2005	1396.73	308.65	275.64
IH	2006	1179.26	308.96999999999997	274.98999999999995
IH	2007	741.8999999999999	306.57	272.53999999999996
IH	2008	653.92	307.16999999999996	273.97999999999996
IH	2009	850.1	307.2	274.75
IH	2010	1416.3100000000002	306.42999999999995	277.23999999999995
LV1	1981	2498.3499	296.5	264.73999999999995
LV1	1982	2338.1000000000004	293.82	261.67999999999995
LV1	1983	3315.0199	292.83	265.2
LV1	1984	1560.1998999999998	295.56	263.04999999999995
LV1	1985	1042.2300000000002	294.79999999999995	262.59
LV1	1986	1882.1599	294.96999999999997	265.57
LV1	1987	1459.9600000000003	295.78999999999996	262.38
LV1	1988	1284.8700000000001	297.03	262.52
LV1	1989	1625.29	294.51	258.96
LV1	1990	1100.1399999999999	296.03999999999996	258.85999999999996
LV1	1991	1330.9	295.46999999999997	262.4
LV1	1992	1463.5000000000005	296.08	262.64
LV1	1993	2116.7699	292.84	260.21999999999997
LV1	1994	1077.57	296.60999999999996	263.02
LV1	1995	2608.0998000000004	294.15999999999997	265.76
LV1	1996	2803.8399000000004	296.42999999999995	266.21
LV1	1997	1864.5099	294.87	264.81
LV1	1998	2714.7098	296.83	263.17999999999995
LV1	1999	1523.46	294.66999999999996	264.63
LV1	2000	1635.4	295.65999999999997	266
LV1	2001	1751.8	296.31	262.89
LV1	2002	1817.5899	297.16999999999996	263.54999999999995
LV1	2003	1750.64	297.03	266.03
LV1	2004	1402.2100000000003	294.95	265.32
LV1	2005	2318.1499000000003	296.95	265.34999999999997
LV1	2006	2042.66	296.88	263.27
LV1	2007	1101.7400000000002	296.42999999999995	263.28
LV1	2008	1256.86	296.21999999999997	263.65999999999997
LV1	2009	1515.39	296.21	263.25
LV1	2010	2340.1	296.71	266.44
LV3	1981	2460.61	296.51	264.73999999999995
LV3	1982	2301.11	293.83	261.75
LV3	1983	3253.0298	292.83	265.31
LV3	1984	1532.8899	295.52	263.04999999999995
LV3	1985	1024.71	294.75	262.59999999999997
LV3	1986	1836.6099	294.95	265.57
LV3	1987	1426.3300000000002	295.79999999999995	262.38
LV3	1988	1261.94	297.02	262.53
LV3	1989	1601.3099	294.52	258.81
LV3	1990	1083.0700000000002	296.06	259.03
LV3	1991	1310.5599999999997	295.47999999999996	262.4
LV3	1992	1429.5200000000002	296.09999999999997	262.73999999999995
LV3	1993	2075.48	292.84999999999997	260.34
LV3	1994	1061.37	296.60999999999996	262.98999999999995
LV3	1995	2557.4899	294.17999999999995	265.77
LV3	1996	2746.1698999999994	296.45	266.21
LV3	1997	1828.2700000000002	294.89	264.82
LV3	1998	2653.19	296.84	263.15
LV3	1999	1487.3899999999999	294.67999999999995	264.64
LV3	2000	1598.8	295.66999999999996	266.01
LV3	2001	1709.9699999999998	296.32	262.97999999999996
LV3	2002	1778.75	297.16999999999996	263.67999999999995
LV3	2003	1716.05	297.03999999999996	266.16999999999996
LV3	2004	1373.03	294.95	265.35999999999996
LV3	2005	2268.4399999999996	296.96	265.42999999999995
LV3	2006	1999.2700000000002	296.89	263.28
LV3	2007	1080.2200000000003	296.44	263.21999999999997
LV3	2008	1227.52	296.22999999999996	263.75
LV3	2009	1485.92	296.21999999999997	263.32
LV3	2010	2292.75	296.71999999999997	266.44
LVTR1	1981	2587.4699	296.39	264.73999999999995
LVTR1	1982	2424.56	293.69	261.5
LVTR1	1983	3422.2897000000003	292.69	265.07
LVTR1	1984	1626.82	295.17999999999995	263.03
LVTR1	1985	1077.42	294.40999999999997	262.14
LVTR1	1986	1936.4398999999999	294.7	265.53
LVTR1	1987	1505.8700000000001	295.63	262.35999999999996
LVTR1	1988	1324.5700000000002	296.73999999999995	262.52
LVTR1	1989	1683.4498999999998	294.39	258.17999999999995
LVTR1	1990	1137.2600000000002	295.92999999999995	258.75
LVTR1	1991	1376.97	295.28999999999996	261.97999999999996
LVTR1	1992	1516.21	295.92999999999995	262.47999999999996
LVTR1	1993	2182.7499000000003	292.65	260.07
LVTR1	1994	1099.9199999999998	296.39	262.94
LVTR1	1995	2675.7598	294.06	265.71
LVTR1	1996	2903.9399000000008	296.25	266.19
LVTR1	1997	1932.7899	294.78	264.72999999999996
LVTR1	1998	2785.02	296.72999999999996	262.88
LVTR1	1999	1585.6799999999998	294.53999999999996	264.47999999999996
LVTR1	2000	1687.4300000000003	295.53999999999996	265.97999999999996
LVTR1	2001	1816.5799	296.16999999999996	262.66999999999996
LVTR1	2002	1893.1998999999998	297	263.44
LVTR1	2003	1807.2699	296.85999999999996	265.98999999999995
LVTR1	2004	1445.35	294.77	265.28
LVTR1	2005	2406.0199000000002	296.81	265.14
LVTR1	2006	2111.5699999999997	296.71999999999997	263.21999999999997
LVTR1	2007	1140.46	296.27	262.21999999999997
LVTR1	2008	1304.2199999999998	296.08	263.31
LVTR1	2009	1569.23	296.07	262.9
LVTR1	2010	2422.7199	296.59	266.44
SC	1981	882.0999999999999	308.64	276.88
SC	1982	1305.96	306.41999999999996	273.27
SC	1983	1489.4799999999998	306.52	274.69
SC	1984	541.64	309.27	274.19
SC	1985	537.35	309.05999999999995	273.91999999999996
SC	1986	817.7900000000001	308.30999999999995	275.5
SC	1987	525.1	306.71999999999997	273.60999999999996
SC	1988	464.32000000000005	309.74	274.9
SC	1989	540.6500000000001	307.44	273.53999999999996
SC	1990	469.63	307.44	272.06
SC	1991	647.8699999999999	307.16999999999996	274.34999999999997
SC	1992	677.4199999999997	307.77	273.56
SC	1993	858.1500000000001	305.41999999999996	275.28999999999996
SC	1994	631.1299999999999	307.21999999999997	275.41999999999996
SC	1995	1076.37	306.5	278.17999999999995
SC	1996	1168.2	308.34999999999997	276.84
SC	1997	612.5600000000001	306.17999999999995	275.35999999999996
SC	1998	1232.6600000000003	307.69	273.40999999999997
SC	1999	657.52	305.24	275.53
SC	2000	928.3	307.05999999999995	276.35999999999996
SC	2001	695.2599999999999	307.7	275.42999999999995
SC	2002	654.6099999999999	308.59	275.19
SC	2003	642.2	309.97999999999996	276.26
SC	2004	664.75	307.24	276.09
SC	2005	1030.11	309.57	276.7
SC	2006	907.19	309.84999999999997	275.82
SC	2007	532.9499999999999	307.09999999999997	273.53999999999996
SC	2008	502.39	307.52	274.44
SC	2009	643.55	308.05999999999995	275.25
SC	2010	1105.9	307.03	277.39
SQ1	1981	915.2800000000001	299.47999999999996	269.69
SQ1	1982	1913.81	297.42999999999995	268.66999999999996
SQ1	1983	1844.64	296.10999999999996	269.29999999999995
SQ1	1984	744.68	298.42999999999995	268.71
SQ1	1985	865.18	299.23999999999995	268.46
SQ1	1986	1167.0699000000002	298.78999999999996	270.46
SQ1	1987	828.6099999999999	298.28	267.38
SQ1	1988	792.1000000000001	299.75	269.21999999999997
SQ1	1989	547.81	299.46999999999997	266.71999999999997
SQ1	1990	573.67	299.22999999999996	268.28999999999996
SQ1	1991	929.5899000000001	298.78999999999996	267.33
SQ1	1992	814.36	299.67999999999995	268.53999999999996
SQ1	1993	1055.59	298.12	267.98999999999995
SQ1	1994	807.8000000000001	299.84	267.57
SQ1	1995	1421.94	298.95	269.54999999999995
SQ1	1996	1699.8500000000004	299.98999999999995	269.17999999999995
SQ1	1997	930.52	298.40999999999997	267.90999999999997
SQ1	1998	1488.0099999999995	300.42999999999995	267.82
SQ1	1999	607.02	298	269.46
SQ1	2000	1031.2099999999998	299.46999999999997	269.64
SQ1	2001	1092.4699999999998	301.63	266.79999999999995
SQ1	2002	847.8399999999998	301.57	268.65
SQ1	2003	931.8399999999999	300.96999999999997	269.7
SQ1	2004	679.53	299.63	268.17999999999995
SQ1	2005	1074.49	302.10999999999996	270.56
SQ1	2006	1118.7100000000003	300.83	266.7
SQ1	2007	550.27	301.17999999999995	267.07
SQ1	2008	804.3699999999999	301.09999999999997	268.96
SQ1	2009	901.4300000000001	301	269.15
SQ1	2010	1484.1299	299.47999999999996	269.91999999999996
SQ2	1981	949.3	299.35999999999996	269.40999999999997
SQ2	1982	1968.6000000000001	297.21	268.25
SQ2	1983	1881.9699999999998	295.96999999999997	268.96
SQ2	1984	748.99	298.44	268.7
SQ2	1985	870.7499999999999	299.12	268.01
SQ2	1986	1153.9799	298.72999999999996	270.71
SQ2	1987	843.24	298.09	267.13
SQ2	1988	818.7500000000001	299.64	268.87
SQ2	1989	565.7	299.40999999999997	266.41999999999996
SQ2	1990	591.0000000000001	298.98999999999995	267.97999999999996
SQ2	1991	955.62	298.57	267
SQ2	1992	864.9399999999999	299.53	268.46999999999997
SQ2	1993	1089.33	297.84	267.65
SQ2	1994	841.77	299.92999999999995	267.31
SQ2	1995	1506.99	298.83	269.39
SQ2	1996	1759.24	300	268.84
SQ2	1997	944.8298999999998	298.4	268.08
SQ2	1998	1525.16	300.28	267.66999999999996
SQ2	1999	622.5100000000001	297.84	269.04999999999995
SQ2	2000	1067.6699999999998	299.23999999999995	269.2
SQ2	2001	1107.5000000000002	301.15	266.34999999999997
SQ2	2002	857.37	301.26	268.06
SQ2	2003	954.2600000000001	300.97999999999996	269.26
SQ2	2004	697.0799999999999	299.46999999999997	267.71999999999997
SQ2	2005	1094.08	301.76	269.95
SQ2	2006	1153.4899999999998	300.78999999999996	266.2
SQ2	2007	552.56	300.89	266.57
SQ2	2008	825.6	300.92999999999995	268.27
SQ2	2009	931.7499999999999	300.98999999999995	268.53
SQ2	2010	1499.43	299.34999999999997	269.45
SQ3	1981	1028.9699999999998	296.82	266.88
SQ3	1982	2133.57	294.59	266.23999999999995
SQ3	1983	2031.9	293.22999999999996	266.82
SQ3	1984	805.7399999999999	295.84	266.57
SQ3	1985	926.0700000000002	296.53999999999996	265.5
SQ3	1986	1225.3100000000002	296.07	268.37
SQ3	1987	904.2500000000002	295.51	265.09
SQ3	1988	891.3000000000001	297.03999999999996	266.75
SQ3	1989	621.52	297	264.19
SQ3	1990	645.04	296.39	265.72999999999996
SQ3	1991	1039.6699999999998	295.96999999999997	264.28999999999996
SQ3	1992	961.2699999999999	296.90999999999997	266.46
SQ3	1993	1188.3600000000001	295.32	264.81
SQ3	1994	931.7900000000001	297.56	264.78999999999996
SQ3	1995	1659.4898999999998	296.09	266.71
SQ3	1996	1928.7699999999998	297.51	266.65
SQ3	1997	1018.4399000000001	296.35999999999996	266.25
SQ3	1998	1646.1000000000001	297.92999999999995	264.98999999999995
SQ3	1999	681.15	295.52	266.89
SQ3	2000	1142.23	296.88	266.63
SQ3	2001	1200.59	298.78	264.23999999999995
SQ3	2002	937.87	298.83	265.92999999999995
SQ3	2003	1036.69	298.59999999999997	266.89
SQ3	2004	759.0699999999999	296.95	265.15
SQ3	2005	1186.79	299.23999999999995	267.64
SQ3	2006	1259.6999999999998	298.27	263.62
SQ3	2007	582.3300000000002	298.76	264.58
SQ3	2008	898.75	298.73999999999995	265.91999999999996
SQ3	2009	1019.5799999999999	298.64	266.03999999999996
SQ3	2010	1612.9699	296.79999999999995	266.95
TM2	1981	1470.8400000000001	307.96	277.25
TM2	1982	1515.99	305.69	273.95
TM2	1983	2107.8999999999996	305.77	276.17999999999995
TM2	1984	822.38	308.90999999999997	274.91999999999996
TM2	1985	703.0400000000001	307.37	273.64
TM2	1986	1314.93	307.46	275.4
TM2	1987	1003.15	306.66999999999996	274.01
TM2	1988	850.35	309.03999999999996	275.09
TM2	1989	887.18	307.01	274.2
TM2	1990	758.9499999999999	307.42999999999995	272.33
TM2	1991	952.56	307.27	274.83
TM2	1992	1041.63	308.39	274.63
TM2	1993	1379.93	305.65999999999997	275.19
TM2	1994	898.17	307.91999999999996	274.76
TM2	1995	1822.0399000000002	306.87	278.21
TM2	1996	1646.6999999999998	308.59999999999997	276.78
TM2	1997	1092.3500000000001	307.07	276.60999999999996
TM2	1998	1819.87	308.13	274.34999999999997
TM2	1999	853.6700000000002	305.22999999999996	275.97999999999996
TM2	2000	1173.65	306.59999999999997	276.34
TM2	2001	1166.85	307.12	275.28999999999996
TM2	2002	1077.98	307.51	275.62
TM2	2003	1140.0799999999997	308.96999999999997	276.78
TM2	2004	998.7900000000001	306.94	276.34
TM2	2005	1473.8900000000003	308.97999999999996	276.87
TM2	2006	1328.03	309.41999999999996	276.62
TM2	2007	778.4000000000002	307.02	274.34
TM2	2008	765.95	307.71	275
TM2	2009	946.21	307.78999999999996	275.46999999999997
TM2	2010	1517.3899999999999	306.85999999999996	278.02
WL1	1981	1504.72	303.14	271.07
WL1	1982	2122.43	300.46999999999997	268.73999999999995
WL1	1983	2277.6699000000003	298.90999999999997	271.07
WL1	1984	1003.5200000000001	301.90999999999997	268.84999999999997
WL1	1985	920.78	301.88	269.46
WL1	1986	1401.7098999999998	302.29999999999995	272.12
WL1	1987	854	301.78999999999996	269.65999999999997
WL1	1988	776.04	303.07	270.12
WL1	1989	1072.4299999999998	300.76	268.90999999999997
WL1	1990	725.8300000000002	300.88	267.33
WL1	1991	959.0999999999999	300.76	269.72999999999996
WL1	1992	1032.05	302.21	268.96
WL1	1993	1273.9799999999998	299.71999999999997	269.51
WL1	1994	977.44	303.48999999999995	269.10999999999996
WL1	1995	1826.4598	301.10999999999996	271.88
WL1	1996	2093.5299	302.21	272.15
WL1	1997	1079.5899	301.01	270.57
WL1	1998	1754.1	302.45	270.03
WL1	1999	1247.21	300.40999999999997	269.75
WL1	2000	1335.51	301.76	271.63
WL1	2001	1105.0700000000002	303.03999999999996	269.95
WL1	2002	1053.83	303.15999999999997	270.31
WL1	2003	1104.83	303.41999999999996	271.03
WL1	2004	958.7099999999999	302.04999999999995	270.28999999999996
WL1	2005	1682.85	303.28999999999996	272.14
WL1	2006	1429.45	303.65999999999997	269.03
WL1	2007	793.9699999999999	302.71	270.07
WL1	2008	908.9399999999999	303.16999999999996	270.5
WL1	2009	1079.5600000000002	303.21	270.62
WL1	2010	1659.22	301.63	271.85999999999996
WL2	1981	1512.19	300.10999999999996	268.92999999999995
WL2	1982	2105.19	297.16999999999996	266.67999999999995
WL2	1983	2304.66	295.47999999999996	268.84999999999997
WL2	1984	1054.1100000000001	298.7	266.98999999999995
WL2	1985	951.87	298.79999999999995	267.19
WL2	1986	1382.4698999999998	299.29999999999995	270.53
WL2	1987	870.3499999999999	299.27	267.48999999999995
WL2	1988	811.75	300.15	267.90999999999997
WL2	1989	1118.4599999999998	298.03999999999996	266.72999999999996
WL2	1990	774.6599999999999	298.14	264.79999999999995
WL2	1991	1013.9099999999999	297.91999999999996	267.26
WL2	1992	1088.26	298.83	266.56
WL2	1993	1254.65	296.69	267.03999999999996
WL2	1994	1002.77	300.45	266.66999999999996
WL2	1995	1813.9098999999999	297.87	269.56
WL2	1996	2154.6099000000004	299.51	269.90999999999997
WL2	1997	1110.4299	298.16999999999996	268.07
WL2	1998	1771.7199999999998	299.45	267.58
WL2	1999	1240.3700000000003	297.53	267.28999999999996
WL2	2000	1298.8499999999997	298.84	269.48999999999995
WL2	2001	1115.35	300.51	267.37
WL2	2002	1072.9199999999996	300.51	267.73999999999995
WL2	2003	1134.8700000000001	300.25	268.56
WL2	2004	980.4599999999999	298.82	267.81
WL2	2005	1678.74	300.33	270.16999999999996
WL2	2006	1416.2299999999998	300.25	266.67999999999995
WL2	2007	782.1099999999998	299.87	267.98999999999995
WL2	2008	927	300.07	268.16999999999996
WL2	2009	1087.08	299.78999999999996	268.47999999999996
WL2	2010	1646.9500000000003	298.78999999999996	269.71
WR	1981	2137.5099	304.96	273.40999999999997
WR	1982	2387.06	302.87	270.4
WR	1983	2998.7798	301.33	272.71
WR	1984	1206.47	305.24	270.9
WR	1985	1096.53	304.41999999999996	271.65
WR	1986	1867.9798999999996	304.76	273.77
WR	1987	1230.43	304.03	271.37
WR	1988	1186.0599999999997	305.10999999999996	272.52
WR	1989	1408.4299999999998	303.08	270.91999999999996
WR	1990	989.4100000000001	302.98999999999995	269.73999999999995
WR	1991	1355.51	303.02	271.97999999999996
WR	1992	1375.4900000000002	304.67999999999995	271.53999999999996
WR	1993	1771.6899	301.26	271.40999999999997
WR	1994	1260.35	304.22999999999996	271.92999999999995
WR	1995	2468.5299	302.5	274.10999999999996
WR	1996	2750.77	304.12	274.14
WR	1997	1490.0599	301.91999999999996	272.96
WR	1998	2316.6799	304.38	271.47999999999996
WR	1999	1413.46	302.14	272.46
WR	2000	1674.6099	303.19	274.09999999999997
WR	2001	1451.6600000000003	304.31	272.35999999999996
WR	2002	1470.2099	304.92999999999995	272.22999999999996
WR	2003	1478.6299999999999	305.75	273.4
WR	2004	1253.24	303.79999999999995	272.81
WR	2005	2229.2798999999995	305.08	273.78
WR	2006	1886.15	305.63	271.79999999999995
WR	2007	1148.34	303.71	271.94
WR	2008	1114.67	304.83	272.5
WR	2009	1345.42	304.42999999999995	272.91999999999996
WR	2010	2171.2099	303.53999999999996	274.2
YO11	1981	935.1899999999999	294.82	262.58
YO11	1982	1525.0300000000002	293.10999999999996	259.41999999999996
YO11	1983	1482.01	291.14	261.88
YO11	1984	695.1800000000001	293.96999999999997	260.48999999999995
YO11	1985	688.3899999999999	294.21999999999997	261.5
YO11	1986	861.7799999999997	294.28999999999996	262.91999999999996
YO11	1987	617.2400000000001	294.9	259.58
YO11	1988	594.74	296.38	260.34
YO11	1989	597.19	293.89	259.35999999999996
YO11	1990	516.73	292.64	259
YO11	1991	721.2200000000001	294.56	261.09999999999997
YO11	1992	664.04	294.21	260.40999999999997
YO11	1993	707.51	292.76	260.89
YO11	1994	695.9499999999999	295.82	260.73999999999995
YO11	1995	1077.7200000000003	294.01	263.31
YO11	1996	1328.57	295.35999999999996	264.4
YO11	1997	729.6700000000001	294.16999999999996	261.60999999999996
YO11	1998	1022.8700000000001	295.21	261.09
YO11	1999	652.8699999999999	293.72999999999996	262.14
YO11	2000	716.5400000000001	294.17999999999995	263.53
YO11	2001	918.2500000000001	296.27	261.06
YO11	2002	634.0200000000001	296.73999999999995	261.59
YO11	2003	587.5400000000001	295.97999999999996	262.19
YO11	2004	797.0899999999999	294.44	261.37
YO11	2005	1064.34	296.56	263.10999999999996
YO11	2006	873.6900000000002	295.28999999999996	260.09999999999997
YO11	2007	496.69	296.52	261.78
YO11	2008	821.0300000000001	295.7	262.28999999999996
YO11	2009	806.46	294.96	262.83
YO11	2010	1150.47	294.78	263.95
YO4	1981	1259.72	299.08	268.84999999999997
YO4	1982	2003.14	296.19	266.9
YO4	1983	2134.65	294.47999999999996	268.71999999999997
YO4	1984	773.6899999999999	297.76	266.69
YO4	1985	835.33	298.08	267.09999999999997
YO4	1986	1293.6299999999999	298.42999999999995	269.42999999999995
YO4	1987	795.01	298.32	266.5
YO4	1988	749.5300000000001	300.16999999999996	266.67999999999995
YO4	1989	789.31	298.28	265.81
YO4	1990	642.0100000000001	297.01	265.65999999999997
YO4	1991	1064.6799	299.03	267.17999999999995
YO4	1992	969.9699999999999	299.03	266.2
YO4	1993	1172.3300000000002	297.65999999999997	267.59999999999997
YO4	1994	909.1699999999998	299.45	267.53999999999996
YO4	1995	1767.3899	297.5	270.07
YO4	1996	1867.6500000000003	299.02	269.89
YO4	1997	970.3199000000002	297.2	267.45
YO4	1998	1710.4400000000003	298.81	267.15
YO4	1999	879.89	297.29999999999995	267.63
YO4	2000	1187.3899999999999	297.92999999999995	269.39
YO4	2001	1137.2400000000002	299.40999999999997	267.28999999999996
YO4	2002	958.8199999999999	299.46999999999997	268.25
YO4	2003	1019.81	299.13	268.73999999999995
YO4	2004	975.2900000000001	297.96999999999997	267.15999999999997
YO4	2005	1541.6200000000001	299.78999999999996	269.59
YO4	2006	1282.09	299.9	265.32
YO4	2007	615.0400000000001	298.59999999999997	267.77
YO4	2008	980.5200000000001	299.12	267.84
YO4	2009	1162.87	298.4	268.66999999999996
YO4	2010	1694.98	298.03	269.41999999999996
YO7	1981	1336.92	296.75	265.56
YO7	1982	2046.65	294.27	263.83
YO7	1983	2206.27	292.39	265.14
YO7	1984	842.87	295.59999999999997	263.33
YO7	1985	899.87	296.15999999999997	263.96999999999997
YO7	1986	1383.4099	296.17999999999995	266.04999999999995
YO7	1987	824.77	296.58	262.87
YO7	1988	817.4999999999999	298.08	263.28
YO7	1989	814.08	295.90999999999997	262.91999999999996
YO7	1990	714.9	294.79999999999995	262.54999999999995
YO7	1991	1132.9298999999999	296.90999999999997	263.82
YO7	1992	1033.3799999999999	296.67999999999995	262.84999999999997
YO7	1993	1212.5300000000002	295.41999999999996	264.34999999999997
YO7	1994	978	297.81	264.07
YO7	1995	1840.5898999999997	295.58	266.46
YO7	1996	1978.34	297.02	266.46
YO7	1997	1062.5698999999997	295.52	264.07
YO7	1998	1739.94	296.66999999999996	263.98999999999995
YO7	1999	941.3000000000003	295.2	264.22999999999996
YO7	2000	1190.0800000000002	295.96	265.96
YO7	2001	1212.62	297.84	263.57
YO7	2002	1037.76	297.85999999999996	264.83
YO7	2003	1101.88	297.28	265.21999999999997
YO7	2004	1017.3700000000002	296.07	263.69
YO7	2005	1636.3	298.21	265.71
YO7	2006	1323.01	297.62	261.69
YO7	2007	652.0199999999999	297.32	264.63
YO7	2008	1046.47	297.29999999999995	264.76
YO7	2009	1212.6299999999999	296.65	265.35999999999996
YO7	2010	1822.8299000000002	296.34999999999997	266.33
YO8	1981	1329.6399999999999	296.31	264.84999999999997
YO8	1982	2023.5499999999997	293.97999999999996	262.95
YO8	1983	2172.2	292.03	264.32
YO8	1984	843.1800000000001	295.16999999999996	262.59
YO8	1985	889.7200000000001	295.72999999999996	263.31
YO8	1986	1354.24	295.77	265.25
YO8	1987	816.0699999999999	296.15999999999997	262.04999999999995
YO8	1988	813.6800000000001	297.71999999999997	262.47999999999996
YO8	1989	804.7299999999999	295.45	262.19
YO8	1990	715.4599999999999	294.34	261.89
YO8	1991	1111.86	296.32	263.15999999999997
YO8	1992	1019.5200000000001	296.12	262.29999999999995
YO8	1993	1203.3999999999999	294.82	263.65
YO8	1994	977.45	297.28999999999996	263.28
YO8	1995	1803.7398	295.26	265.7
YO8	1996	1963.23	296.62	265.90999999999997
YO8	1997	1067.5799	295.23999999999995	263.46999999999997
YO8	1998	1713.33	296.29999999999995	263.31
YO8	1999	949.53	294.79999999999995	263.77
YO8	2000	1177.04	295.52	265.45
YO8	2001	1214.7	297.46	262.92999999999995
YO8	2002	1026.92	297.57	263.96
YO8	2003	1082.3600000000001	296.95	264.42999999999995
YO8	2004	1017.3999999999999	295.69	263.10999999999996
YO8	2005	1611.4400000000005	297.81	265.15
YO8	2006	1303.3899999999999	297.15999999999997	261.21999999999997
YO8	2007	641.23	297.04999999999995	264.08
YO8	2008	1043.91	296.92999999999995	264.17999999999995
YO8	2009	1201.76	296.21999999999997	264.73999999999995
YO8	2010	1813.2799	295.94	265.78
