population	year	tasmax	tasmin	ppt
BH	1981	308.69899978637693	276.98100008964536	635.288010597229
BH	1982	306.04300155639646	273.3989999979734	1220.6270065307617
BH	1983	305.5220016479492	275.61199989318845	1204.6230017929338
BH	1984	308.7470001220703	274.5909999847412	404.54100373387337
BH	1985	308.2170013427734	273.98799999952314	497.46298813819885
BH	1986	308.01700057983396	275.50700011253355	629.6970136165619
BH	1987	306.27099838256834	273.713000023365	488.07700049877167
BH	1988	308.99199905395506	273.9450000166893	473.2960066795349
BH	1989	307.92000045776365	272.41599997282026	427.5850037932396
BH	1990	307.93799819946287	271.6879999876022	369.66100549697876
BH	1991	307.9940017700195	274.4049999952316	611.2620060443878
BH	1992	307.96399917602537	273.86299999952314	611.8470150232315
BH	1993	305.83899917602537	274.8060000181198	736.0179843902588
BH	1994	308.66800155639646	274.6730000019073	482.89099764823914
BH	1995	307.36799850463865	277.1620000839233	913.145008534193
BH	1996	309.16200103759763	276.55499997138975	1037.2529991269112
BH	1997	306.335001373291	274.7619999885559	542.8680042028427
BH	1998	308.4149993896484	272.5769999861717	963.7769830524921
BH	1999	306.6290000915527	274.44999995231626	434.0299987792969
BH	2000	307.77699890136716	274.997000002861	774.1949872970581
BH	2001	308.3440002441406	273.6360000014305	685.5589969158173
BH	2002	309.17799987792966	274.5430000066757	478.04098677635193
BH	2003	310.10800018310545	275.1059999704361	472.9910017885268
BH	2004	308.3990005493164	274.86899998188017	568.3619927763939
BH	2005	310.30200042724607	276.1130000591278	804.7259900569916
BH	2006	309.93099822998045	274.6369999885559	700.014002084732
BH	2007	307.42000045776365	271.9030000209808	382.27599400281906
BH	2008	307.95799865722654	274.5480000019073	512.656000494957
BH	2009	308.8169998168945	274.36599996089933	571.0720067918301
BH	2010	307.4950012207031	276.3370000362396	941.6610145568848
CC	1981	308.43799819946287	277.5020002365112	1477.2889786064625
CC	1982	306.24999847412107	274.71700003147123	1538.8330080509186
CC	1983	306.0570014953613	276.1109999656677	2099.5419788360596
CC	1984	309.218000793457	275.13000001907346	827.4919857978821
CC	1985	307.8529991149902	273.7730000257492	719.8359990641475
CC	1986	307.9719985961914	275.7469998836517	1305.4500034749508
CC	1987	307.0220016479492	274.1699999809265	986.2829906269908
CC	1988	309.3980010986328	275.535999917984	875.5039887428284
CC	1989	307.4709991455078	274.6259999513626	903.6429915428162
CC	1990	307.7639984130859	272.86500000357626	793.671000957489
CC	1991	307.673998260498	275.5340000629425	961.6790018081665
CC	1992	309.1599983215332	274.94299998283384	1045.5380257964134
CC	1993	306.2279991149902	275.4179998874664	1382.9009914398193
CC	1994	308.71499862670896	275.0390000581741	914.9639964103699
CC	1995	307.71499862670896	278.69899978637693	1794.8820098638535
CC	1996	309.20500030517576	277.1810001373291	1667.2380001544952
CC	1997	307.60999908447263	276.73299994468687	1075.2800064086914
CC	1998	309.0129989624023	274.6569999694824	1785.4750061035156
CC	1999	306.02599945068357	276.09700002670286	886.8409948348999
CC	2000	307.32100143432615	276.31799998283384	1205.5060205459595
CC	2001	307.6649993896484	275.70599999427793	1122.938010275364
CC	2002	308.0220016479492	275.9840001106262	1071.049015045166
CC	2003	309.6369995117187	276.95399990081785	1121.1669993400574
CC	2004	307.6480010986328	276.62099995613096	997.935996055603
CC	2005	309.42000045776365	276.93399991989133	1504.7319757938385
CC	2006	309.843000793457	276.9050001144409	1373.482988834381
CC	2007	307.74199905395506	274.3370000362396	816.3510103225708
CC	2008	308.48200073242185	275.0280000209808	779.6249918937683
CC	2009	308.2559989929199	275.8130001068115	950.2759963572025
CC	2010	307.35999908447263	278.314999961853	1528.3309804201126
CP2	1981	298.17199935913084	266.7439998626709	1699.4099760055542
CP2	1982	294.95299949645994	264.1279996871948	2386.0909724235535
CP2	1983	293.32399978637693	266.0560001373291	2811.25500112772
CP2	1984	296.5630001068115	264.5569995880127	1273.963994026184
CP2	1985	297.2509998321533	264.48899974822996	1167.1739938259125
CP2	1986	297.3409999847412	268.1420001029968	1483.5849857330322
CP2	1987	297.88999977111814	264.68600025177	1014.9729961156845
CP2	1988	298.2899993896484	265.2509998321533	987.9950001239777
CP2	1989	296.3559993743896	264.26699962615965	1269.0480060577393
CP2	1990	296.3759998321533	262.4920000076294	879.2519941329956
CP2	1991	296.22200050354	264.3200000762939	1140.815011024475
CP2	1992	296.6959995269775	263.9970001220703	1329.5389823913574
CP2	1993	294.82200088500974	264.82599964141843	1382.7930035591125
CP2	1994	298.64600028991697	263.51999988555906	1193.4859965443611
CP2	1995	296.2810005187988	267.1179999351501	1982.0099895000458
CP2	1996	297.89600028991697	266.72200002670286	2487.709017753601
CP2	1997	296.6029991149902	264.9699996948242	1223.0240273475647
CP2	1998	297.6560005187988	264.54599990844724	1993.9269845485687
CP2	1999	295.8060001373291	263.91799964904783	1335.8289980888367
CP2	2000	297.07600059509275	266.5370000839233	1404.0369901657104
CP2	2001	298.99099960327146	264.20200004577634	1380.5260150432587
CP2	2002	298.911999130249	264.3180002212524	1303.945975959301
CP2	2003	298.4779991149902	265.3279999732971	1341.6730198860168
CP2	2004	297.10899963378904	264.70700016021726	1174.0610123425722
CP2	2005	298.7880004882812	267.17600002288816	1782.318964958191
CP2	2006	298.3489994049072	263.7430004119873	1471.9089832305908
CP2	2007	298.30299987792966	264.5979999542236	800.2800018787384
CP2	2008	298.35800018310545	264.9109996795654	978.1619812063873
CP2	2009	297.9060005187988	265.8609999656677	1195.1070013819262
CP2	2010	297.1999992370605	267.04599990844724	1695.7780207842588
CP3	1981	297.01800003051756	266.54200019836424	1488.8480000076815
CP3	1982	293.6910003662109	263.943999671936	2014.044035434723
CP3	1983	292.17099990844724	265.81200017929075	2380.2249813079834
CP3	1984	295.5609992980957	264.26900043487547	1078.5799956321716
CP3	1985	296.48600044250486	264.17299976348875	980.3400139808655
CP3	1986	296.48499908447263	267.85699977874754	1295.143012046814
CP3	1987	296.9669994354248	264.4340003967285	882.2110062837601
CP3	1988	297.3249992370605	264.83099975585935	807.8799985647202
CP3	1989	295.60800018310545	263.7850002288818	1148.8490009307861
CP3	1990	295.54299964904783	262.1329998016357	788.9859848022461
CP3	1991	295.31900062561033	264.04200019836424	1009.3690052032471
CP3	1992	295.67700042724607	263.6329998016357	1192.1290111541748
CP3	1993	293.95400085449216	264.4670003890991	1174.2079935073853
CP3	1994	297.80399932861326	263.2269996643066	1032.5639978647232
CP3	1995	295.67599906921384	266.9479998588562	1733.9229958057404
CP3	1996	297.2899993896484	266.5209998130798	2122.3370308876038
CP3	1997	295.9450000762939	264.7179998397827	1147.9750201702118
CP3	1998	296.7549995422363	264.2450002670288	1787.5269763469696
CP3	1999	294.9069999694824	263.5890001296997	1154.712022304535
CP3	2000	296.08199920654295	266.29599990844724	1187.8569860458374
CP3	2001	298.2229999542236	263.91500034332273	1157.9210119694471
CP3	2002	298.1140007019043	264.0599998474121	1088.571988105774
CP3	2003	297.4739994049072	265.01600017547605	1156.7670203447342
CP3	2004	296.0860008239746	264.48399963378904	994.6699859162327
CP3	2005	297.8769992828369	267.0500000953674	1549.8799905776978
CP3	2006	297.3409999847412	263.4740003585815	1315.1339972019196
CP3	2007	297.4100002288818	264.51499977111814	700.6059882380068
CP3	2008	297.3790000915527	264.8060001373291	916.7669906616211
CP3	2009	296.88600006103513	265.711999797821	1060.547009050846
CP3	2010	296.29599990844724	266.833000087738	1584.190001130104
DPR	1981	305.6540016174316	274.1360000014305	1979.3920368552208
DPR	1982	303.5959991455078	271.0779999732971	2299.4459846019745
DPR	1983	302.2859996795654	273.5570000052452	2796.7300112247467
DPR	1984	305.7440017700195	271.2949999809265	1115.5750033855438
DPR	1985	305.0979999542236	272.2679999709129	1028.8550046086311
DPR	1986	305.2639984130859	274.20400002002714	1731.8350176811218
DPR	1987	304.40099945068357	272.14100005626676	1109.8480159640312
DPR	1988	305.93099822998045	273.15	1086.8740099668503
DPR	1989	303.77199974060056	271.5909999847412	1251.5739765167236
DPR	1990	303.64300003051756	270.26100006103513	902.767003774643
DPR	1991	303.7700008392334	272.6960000038147	1278.9969772696495
DPR	1992	305.60600128173826	271.99399998188017	1263.3629874885082
DPR	1993	302.45900001525877	272.3909999966621	1616.7299823760986
DPR	1994	305.2629989624023	272.4830000042915	1168.597999572754
DPR	1995	303.79599990844724	274.7049999475479	2218.8560160398483
DPR	1996	304.83899917602537	274.7339999914169	2502.0279989242554
DPR	1997	303.4709991455078	273.3259999990463	1366.7330244779587
DPR	1998	305.6900009155273	271.8739999771118	2128.3149689137936
DPR	1999	303.1220001220703	273.0459999978542	1304.725997686386
DPR	2000	304.0830005645752	274.372000002861	1579.326982498169
DPR	2001	305.2730010986328	272.65900000333784	1313.0469776391983
DPR	2002	305.923998260498	272.7980000019073	1354.4140014648438
DPR	2003	306.79400100708006	273.8319999814033	1368.1230030059814
DPR	2004	304.9109996795654	273.05500000119207	1175.3269727230072
DPR	2005	306.11599960327146	274.36599996089933	2075.9779720306396
DPR	2006	306.968000793457	272.2920000195503	1755.233006767463
DPR	2007	305.01800003051756	271.8299999475479	1081.8330011367798
DPR	2008	305.9709991455078	272.92199999988077	1005.2519950866699
DPR	2009	305.2219985961914	273.3210000038147	1221.9740084856749
DPR	2010	304.0870002746582	274.747000002861	2043.8439863920212
FR	1981	305.540998840332	272.6379999756813	1421.908983886242
FR	1982	302.4580005645752	268.9269999504089	1437.8339989185333
FR	1983	301.1900009155273	272.310000026226	1955.3140190839767
FR	1984	304.9890007019043	270.0870000362396	762.146008014679
FR	1985	304.5870002746582	270.2289999961853	595.5910090208054
FR	1986	304.8479999542236	272.1689999938011	1141.2029821872711
FR	1987	304.57900085449216	269.99400010108945	789.2540033012629
FR	1988	305.8640007019043	270.68399991989133	667.8469899147749
FR	1989	301.8090003967285	268.42299976348875	939.9830167293549
FR	1990	302.33099975585935	267.4069999694824	662.5920104980469
FR	1991	303.851000213623	270.6439999580383	786.603997707367
FR	1992	304.72900047302244	270.3939999580383	826.2280136346817
FR	1993	301.8489994049072	269.775	1345.771012481302
FR	1994	305.9779991149902	270.8790000915527	813.8359940052032
FR	1995	302.7390007019043	273.08299999833105	1996.1640305519104
FR	1996	304.9429992675781	272.9620000064373	1852.5069786906242
FR	1997	302.64799919128416	271.8960000514984	1022.0250205993652
FR	1998	304.7780002593994	269.85499992370603	1501.2869997024536
FR	1999	302.60800018310545	272.06999995708463	869.6030007824302
FR	2000	303.3680004119873	272.81899999976156	1046.6910076141357
FR	2001	304.67499961853025	271.4110000371933	946.8029868602753
FR	2002	305.7440017700195	270.9309998989105	948.094005048275
FR	2003	305.6029991149902	272.3670000076294	986.643983900547
FR	2004	303.9330009460449	272.1000000476837	906.9539959430695
FR	2005	305.2839988708496	272.79700001478193	1334.1200103759766
FR	2006	305.17000045776365	271.1840000391006	1177.488000869751
FR	2007	304.1210006713867	270.80100002288816	607.9410047531128
FR	2008	304.8060001373291	271.2320000171661	767.910996556282
FR	2009	304.47999992370603	271.161999964714	875.5600045323372
FR	2010	304.2239994049072	273.0869999989867	1247.6530074139591
IH	1981	306.9040016174316	276.6149999141693	1469.3970012664795
IH	1982	305.173998260498	273.22199999690054	1741.6069940924644
IH	1983	304.9020008087158	275.63200011253355	2071.2369853258133
IH	1984	307.5699981689453	273.4180000066757	807.182993888855
IH	1985	307.4629997253418	273.3130000025034	802.2729896605015
IH	1986	307.210001373291	275.2210000991821	1276.5520133972168
IH	1987	305.95699920654295	273.5769999861717	848.3690146394074
IH	1988	308.41200103759763	274.52899994850156	837.742992401123
IH	1989	306.11799850463865	273.6829999923706	953.7920026779175
IH	1990	306.02099838256834	271.4460000038147	684.994000479579
IH	1991	306.2160018920898	274.3570000171661	977.5110117197037
IH	1992	307.50800170898435	273.59900000095365	1019.3119932115078
IH	1993	304.6910003662109	274.25699999332426	1271.4910027980804
IH	1994	307.48000183105466	274.2209999799728	924.8890039920807
IH	1995	306.1890014648437	276.88600006103513	1666.7520068208687
IH	1996	307.26100006103513	276.0760001182556	1844.6269962787628
IH	1997	305.0959991455078	274.50199999809263	1085.1830079555511
IH	1998	306.8539985656738	272.888999992609	1729.7149829939008
IH	1999	304.31900062561033	274.79900004863737	1022.3879954814911
IH	2000	305.5599998474121	274.93199994564054	1307.4950199127197
IH	2001	307.1490005493164	273.78300001621244	1043.1509971618652
IH	2002	307.8790000915527	273.8390000104904	1066.8599891662598
IH	2003	309.0920013427734	275.30300011634824	1026.9689977169037
IH	2004	306.923998260498	274.91900005340574	968.0299880295061
IH	2005	308.55399932861326	275.3939999580383	1512.340015411377
IH	2006	308.7450012207031	274.30499997138975	1231.1550035476685
IH	2007	306.49099960327146	272.7950000107288	800.3519835472107
IH	2008	307.0030006408691	273.9230000019073	688.33599853515625
IH	2009	307.093000793457	274.7949999809265	903.8259854316711
IH	2010	306.525	277.08600010871885	1477.5450032651424
LV1	1981	296.3120006561279	266.0319999694824	3630.205033160746
LV1	1982	293.5959991455078	263.35800018310545	3494.9549436569214
LV1	1983	292.60999908447263	265.7420000076294	5082.0020542144775
LV1	1984	294.9709991455078	264.01699962615965	2255.762010574341
LV1	1985	294.27299919128416	263.65	1440.2490048408508
LV1	1986	294.67199935913084	266.7029999732971	2906.8359603881836
LV1	1987	295.468000793457	263.5599998474121	2417.4000494480133
LV1	1988	296.3990005493164	264.60899963378904	1963.970001591253
LV1	1989	294.11199989318845	262.2100004196167	2292.9840240478516
LV1	1990	295.661999130249	261.97999992370603	1505.5539779663086
LV1	1991	295.0119995117187	263.1290000915527	1901.145966053009
LV1	1992	295.76100006103513	264.1580003738403	2322.079979326343
LV1	1993	292.57300033569334	262.64100017547605	3106.066979467869
LV1	1994	296.2229999542236	263.5639995574951	1395.3459997177124
LV1	1995	294.0909999847412	265.5139998435974	3759.9919843673706
LV1	1996	296.0989994049072	266.04900016784666	4180.948932647705
LV1	1997	294.64099922180174	266.2899998664856	2855.3849964141846
LV1	1998	296.5639995574951	264.2570003509521	4197.2620277404785
LV1	1999	294.31900062561033	264.42700042724607	2304.3470280449837
LV1	2000	295.4629997253418	265.8260001182556	2260.050947189331
LV1	2001	296.0879997253418	264.60699977874754	2669.6510286331177
LV1	2002	296.76700057983396	264.8449996948242	2811.2509384155273
LV1	2003	296.6569999694824	266.2670001029968	2505.5999815980904
LV1	2004	294.63600006103513	265.4659999847412	1985.778972029686
LV1	2005	296.653999710083	266.80100002288816	3515.8390140533447
LV1	2006	296.5019992828369	263.0619997024536	2827.486017227173
LV1	2007	296.032999420166	265.4479998588562	1518.271032333374
LV1	2008	295.8740009307861	264.7730001449585	1918.0290197432041
LV1	2009	295.83400001525877	265.708000087738	2298.9719858169556
LV1	2010	296.3099998474121	266.7060002326965	3532.841961622238
LV3	1981	297.34700050354	265.56599988937376	2463.713988006115
LV3	1982	294.67000045776365	263.689999961853	2318.97101688385
LV3	1983	293.718000793457	266.2709998130798	3276.582989692688
LV3	1984	296.42099990844724	263.92999973297117	1491.3169870376587
LV3	1985	295.57399978637693	264.01699962615965	996.6089899539948
LV3	1986	295.83499946594236	266.5339998245239	1771.8969846367836
LV3	1987	296.72900047302244	263.2140001296997	1461.9129987955093
LV3	1988	297.98200073242185	263.70300045013425	1292.644995689392
LV3	1989	295.4690002441406	262.2540000915527	1587.0720138549805
LV3	1990	297.22200050354	261.1259998321533	1076.9510192871094
LV3	1991	296.4499992370605	264.14100017547605	1312.7580012083054
LV3	1992	297.04100074768064	264.32300033569334	1429.8950083255768
LV3	1993	293.7899993896484	262.1810001373291	2064.601004898548
LV3	1994	297.69800033569334	263.8670000076294	1076.2469863891602
LV3	1995	295.0679992675781	266.59000005722044	2604.9759883880615
LV3	1996	297.4370006561279	266.27900018692014	2697.569025039673
LV3	1997	296.0280002593994	266.5300001144409	1834.1860084533691
LV3	1998	298.1600002288818	265.3000000953674	2634.9819955825806
LV3	1999	295.6870006561279	264.63799991607664	1416.1499948501587
LV3	2000	296.73799934387205	266.7340001106262	1518.7429900169373
LV3	2001	297.23200073242185	265.3889998435974	1683.045001745224
LV3	2002	298.13600006103513	265.2289999961853	1774.9420318603516
LV3	2003	298.1210006713867	266.94099988937376	1732.784963607788
LV3	2004	295.9769996643066	266.2819999694824	1399.0219859480858
LV3	2005	297.94400062561033	267.15	2214.1140157729387
LV3	2006	297.7430004119873	263.95200004577634	1937.4189758300781
LV3	2007	297.27599945068357	266.42400016784666	1019.2949981689453
LV3	2008	297.14200057983396	265.9019998550415	1190.8510174155235
LV3	2009	297.3780006408691	265.52599992752073	1459.0770139694214
LV3	2010	297.67700042724607	266.69099988937376	2295.471997976303
LVTR1	1981	295.7470001220703	265.5020002365112	3159.0400205254555
LVTR1	1982	293.26000061035154	263.1180004119873	2940.2890272140503
LVTR1	1983	292.32399978637693	265.2099999427795	4281.080054283142
LVTR1	1984	295.01800003051756	263.75900020599363	1963.5920176506042
LVTR1	1985	294.11500015258787	263.2870000839233	1255.2049899101257
LVTR1	1986	294.5299991607666	266.41900005340574	2420.3230018615723
LVTR1	1987	295.2479995727539	263.07899990081785	1966.6019911766052
LVTR1	1988	296.5040000915527	264.01299991607664	1660.707005739212
LVTR1	1989	293.8740009307861	261.85499992370603	1955.7360191345215
LVTR1	1990	295.45599975585935	261.4699996948242	1339.1720085144043
LVTR1	1991	294.82300033569334	262.8479999542236	1603.3549799919128
LVTR1	1992	295.58400001525877	263.73500003814695	1958.1129748821259
LVTR1	1993	292.4690002441406	262.3420003890991	2739.7059527635574
LVTR1	1994	295.9779991149902	263.16900005340574	1301.4889888763428
LVTR1	1995	293.54100074768064	265.21099987030027	3213.6310148239136
LVTR1	1996	295.82200088500974	265.689999961853	3591.71803855896
LVTR1	1997	294.58400001525877	265.76499977111814	2436.41300201416
LVTR1	1998	296.6210006713867	263.7549995422363	3479.2859983444214
LVTR1	1999	294.04800071716306	263.8519996643066	1995.3319873809814
LVTR1	2000	295.2239994049072	265.3869999885559	2063.7259781360626
LVTR1	2001	295.8050006866455	264.10899963378904	2302.994993686676
LVTR1	2002	296.4	264.5370000839233	2399.614978790283
LVTR1	2003	296.38999977111814	265.8169998168945	2189.0979537963867
LVTR1	2004	294.24499931335447	265.1170000076294	1872.6070061922073
LVTR1	2005	296.2199996948242	266.21099987030027	3039.559972854331
LVTR1	2006	296.04599990844724	262.6250003814697	2664.6249977350235
LVTR1	2007	295.6609996795654	265.1349996566772	1421.8670082092285
LVTR1	2008	295.5270008087158	264.41900005340574	1663.4970199465752
LVTR1	2009	295.5989994049072	265.11300029754636	1977.1930027008057
LVTR1	2010	295.9610008239746	266.07700004577634	3112.466030359268
SC	1981	308.4509986877441	276.2429999351501	948.6629866408184
SC	1982	306.1220001220703	272.73700001239774	1390.0759915411472
SC	1983	305.8519996643066	274.088000023365	1588.7759823799133
SC	1984	308.80299987792966	273.33899999558923	579.4690020084381
SC	1985	308.8620018005371	273.73899998664854	572.0790083408356
SC	1986	308.02699890136716	275.0590000391006	867.3359801769257
SC	1987	306.57200088500974	273.0489999964833	548.1450033187866
SC	1988	309.69899978637693	274.52899994850156	492.82099962234497
SC	1989	307.0290016174316	273.2140000030398	582.1229908466339
SC	1990	306.73300018310545	271.69100000858305	501.9540056735277
SC	1991	306.4349998474121	273.8240000247955	690.0809976845048
SC	1992	307.0059989929199	273.0079999953508	736.0390124320984
SC	1993	304.69800033569334	274.786999964714	903.3549919128418
SC	1994	306.7650016784668	274.8670000076294	691.90400134027
SC	1995	305.82200088500974	277.56900014877317	1151.4760074615479
SC	1996	307.80299987792966	276.22999992370603	1277.3130100369453
SC	1997	305.5949996948242	274.8459999799728	651.6410132646561
SC	1998	307.14300003051756	272.98400000631807	1322.0089999157935
SC	1999	304.8689998626709	275.2989999294281	715.7449984550476
SC	2000	306.60700073242185	275.9450000762939	999.942016005516
SC	2001	307.3140014648437	275.24400010108945	733.1380025148392
SC	2002	308.3080009460449	274.9219999551773	704.5130081176758
SC	2003	309.4629997253418	275.67600002288816	695.2480028569698
SC	2004	307.01100006103513	275.63600006103513	726.29900598526
SC	2005	309.2520011901855	276.13900008201597	1139.522992439568
SC	2006	309.4960006713867	275.3809999465942	985.4200010299683
SC	2007	306.77599945068357	273.1960000000894	583.1600047945976
SC	2008	307.0590003967285	273.969000005722	542.9970083236694
SC	2009	307.798998260498	274.81799998283384	693.6409962177277
SC	2010	306.6999992370605	276.8349999427795	1217.027006328106
SQ1	1981	300.1830009460449	269.3019999504089	996.7770029286621
SQ1	1982	298.0749992370605	268.49800004959104	2049.892988681793
SQ1	1983	296.69400062561033	268.59000005722044	1967.313971042633
SQ1	1984	298.88500061035154	268.4349998474121	780.586009979248
SQ1	1985	299.8740009307861	268.26100006103513	918.4839949607849
SQ1	1986	299.48799934387205	270.45399990081785	1258.7269996404648
SQ1	1987	299.11500015258787	266.83400001525877	898.4260067939758
SQ1	1988	300.35999908447263	268.5799998283386	812.8170123100281
SQ1	1989	300.14099922180174	266.3390001296997	570.1690106391907
SQ1	1990	299.9389995574951	268.63199987411497	589.7549952566624
SQ1	1991	299.532999420166	266.99000015258787	1002.5660198926926
SQ1	1992	300.286999130249	268.45399990081785	821.9479985237122
SQ1	1993	298.60400047302244	267.4349998474121	1115.329973936081
SQ1	1994	300.57300033569334	266.99800004959104	843.1989892721176
SQ1	1995	299.5550006866455	268.27599992752073	1541.6690031299368
SQ1	1996	300.6210006713867	267.78800001144407	1846.2779841423035
SQ1	1997	298.7619995117187	267.208000087738	1007.6610088348389
SQ1	1998	300.86699905395506	267.6039999961853	1582.9480041861534
SQ1	1999	298.0019992828369	269.30499997138975	638.3189963102341
SQ1	2000	299.74499931335447	269.27899994850156	1123.4919991493225
SQ1	2001	302.0669998168945	266.2249998092651	1159.232000052929
SQ1	2002	301.8689998626709	267.8720001220703	908.3219974935055
SQ1	2003	301.19400062561033	269.5610000133514	999.1779928207397
SQ1	2004	300.0040000915527	267.82700004577634	721.4440003633499
SQ1	2005	302.57300033569334	270.22599997520445	1148.6210136972368
SQ1	2006	301.39600028991697	266.50300016403196	1200.8800020217896
SQ1	2007	301.51800003051756	266.25300016403196	583.7709946632385
SQ1	2008	301.7880004882812	268.90299978256223	852.0680034160614
SQ1	2009	301.3820003509521	268.63799991607664	972.7389938831329
SQ1	2010	299.92400016784666	269.6699999809265	1579.4940052628517
SQ2	1981	298.0389999389648	265.92299976348875	1061.822996608913
SQ2	1982	295.73799934387205	266.0399998664856	2244.642991065979
SQ2	1983	294.45299949645994	265.3720001220703	2125.7959966659546
SQ2	1984	297.0830005645752	265.7949999809265	861.181001663208
SQ2	1985	297.86500015258787	264.9640001296997	988.0009877681732
SQ2	1986	297.30099906921384	267.9450000762939	1324.901035308838
SQ2	1987	296.8179992675781	263.88700046539304	968.5580093860626
SQ2	1988	298.35899963378904	265.9149998664856	919.6649971008301
SQ2	1989	298.2589992523193	262.7489999771118	638.2329966574907
SQ2	1990	297.7579998016357	266.1369999885559	669.2889876365662
SQ2	1991	297.33000030517576	264.29799976348875	1091.6510103940964
SQ2	1992	298.0879997253418	267.04599990844724	950.4810104370117
SQ2	1993	296.3839992523193	264.41500034332273	1220.9609718322754
SQ2	1994	298.528999710083	264.08599987030027	942.8069950044155
SQ2	1995	297.2939990997314	266.4380001068115	1724.8950111418962
SQ2	1996	298.60899963378904	265.92400016784666	2057.592997074127
SQ2	1997	297.24499931335447	263.8670000076294	1083.4849989414215
SQ2	1998	298.9189990997314	264.88799991607664	1703.2779914140701
SQ2	1999	296.5940002441406	266.3409999847412	704.5150105953217
SQ2	2000	297.97900047302244	266.2049998283386	1219.613998837769
SQ2	2001	299.8680004119873	263.14600028991697	1249.8629890680313
SQ2	2002	300.0310005187988	264.5330003738403	982.4760163128376
SQ2	2003	299.6819995880127	266.57399978637693	1109.5019944906235
SQ2	2004	298.0979999542236	264.4640001296997	792.5719912052155
SQ2	2005	300.468000793457	267.1930002212524	1201.6049980698153
SQ2	2006	299.5989994049072	263.57700004577634	1286.7249870300293
SQ2	2007	299.7530006408691	262.70500030517576	620.9020013809204
SQ2	2008	299.70900001525877	265.66700019836424	928.0259990692139
SQ2	2009	299.7390007019043	265.2390002250671	1058.8980110287666
SQ2	2010	298.0959991455078	266.4069999694824	1635.182995557785
SQ3	1981	296.1250003814697	265.01600017547605	1246.5819959430955
SQ3	1982	293.8370002746582	264.35400047302244	2612.304977416992
SQ3	1983	292.49099960327146	264.67499961853025	2453.45196723938
SQ3	1984	295.2519992828369	264.9419998168945	1004.9700012207031
SQ3	1985	295.98399963378904	263.7549995422363	1137.7949850559235
SQ3	1986	295.32600059509275	266.6259998321533	1438.9520177841187
SQ3	1987	294.80399932861326	262.9080003738403	1110.7489931583405
SQ3	1988	296.44800033569334	264.5960000991821	1123.0429906845093
SQ3	1989	296.45299949645994	262.6559995651245	736.2520099878311
SQ3	1990	295.80299987792966	263.80200042724607	773.4579982757568
SQ3	1991	295.35800018310545	262.3399995803833	1252.8459696769714
SQ3	1992	296.1639999389648	265.4710000991821	1098.1259942054749
SQ3	1993	294.54500045776365	262.83000030517576	1391.9430003166199
SQ3	1994	296.8519996643066	262.9310001373291	1092.2120195105672
SQ3	1995	295.22200050354	263.9930004119873	2020.3300083314534
SQ3	1996	296.73699989318845	264.49099960327146	2427.93700504303
SQ3	1997	295.9090007781982	264.92499961853025	1275.397988319397
SQ3	1998	297.1649993896484	263.193999671936	1897.1469948291779
SQ3	1999	295.1229995727539	265.27900018692014	805.9640021324158
SQ3	2000	296.3459991455078	264.7540000915527	1372.6989971399307
SQ3	2001	297.95200004577634	262.226000213623	1466.0179752409458
SQ3	2002	298.3379997253418	263.9690002441406	1175.3900168864056
SQ3	2003	298.02299919128416	265.1209997177124	1300.4069861769676
SQ3	2004	296.30099906921384	263.79000034332273	914.0560060217977
SQ3	2005	298.54999961853025	265.5890001296997	1298.226996421814
SQ3	2006	297.8050006866455	261.9699996948242	1406.2320022583008
SQ3	2007	298.0900005340576	262.7219995498657	660.1529960632324
SQ3	2008	298.1250003814697	264.1189998626709	1003.6139808371663
SQ3	2009	298.13800086975095	263.9629997253418	1195.567980770953
SQ3	2010	296.20100059509275	264.73500003814695	1749.2940154373646
TM2	1981	308.0940002441406	277.41100015640257	1331.0380039215088
TM2	1982	306.1299995422363	274.8079999923706	1421.0269966721535
TM2	1983	305.8420013427734	276.55899991989133	1978.3419954776764
TM2	1984	308.92299880981443	275.04400005340574	762.8440051078796
TM2	1985	307.5949996948242	274.1730000019073	661.8149973154068
TM2	1986	307.76800003051756	276.18399991989133	1235.013996720314
TM2	1987	306.8379997253418	274.15600004196165	924.4039768613875
TM2	1988	309.1280006408691	276.1200000286102	790.1859822869301
TM2	1989	307.1840003967285	275.4460000038147	810.0399992465973
TM2	1990	307.51700057983396	273.2690000027418	744.0449944734573
TM2	1991	307.36599960327146	275.7840000629425	892.56600522995
TM2	1992	308.6379989624023	275.30899991989133	981.2659993171692
TM2	1993	305.94899978637693	275.6720000743866	1297.812994003296
TM2	1994	308.3640007019043	274.9859999656677	857.3199888467789
TM2	1995	307.14399948120115	278.45700016021726	1626.350042462349
TM2	1996	308.7289985656738	277.00899996757505	1518.4459997415543
TM2	1997	307.1949981689453	276.72399988174436	995.9619925022125
TM2	1998	308.29500045776365	274.90999999046323	1696.4319944381714
TM2	1999	305.45799865722654	276.63399996757505	788.268009185791
TM2	2000	306.82300033569334	276.9910000801086	1119.4869890213013
TM2	2001	307.2540000915527	276.06799998283384	1066.8910130858421
TM2	2002	307.6140007019043	276.035999917984	986.6390190124512
TM2	2003	309.0230010986328	277.73500003814695	1053.6350045204163
TM2	2004	306.9359992980957	276.5760001182556	927.5060024261475
TM2	2005	309.00800170898435	277.1789998054504	1330.547986149788
TM2	2006	309.41800155639646	277.14499988555906	1234.0349745750427
TM2	2007	307.2019981384277	275.2889999389648	739.3690137863159
TM2	2008	307.8360008239746	275.5150000095367	708.5540075302124
TM2	2009	307.8370002746582	276.33400001525877	870.7139993439196
TM2	2010	306.93799819946287	278.29400005340574	1408.5029910206795
WL1	1981	301.2619995117187	269.41699995994566	1359.1669996818528
WL1	1982	298.20599975585935	266.9250000953674	1875.579008102417
WL1	1983	296.3680004119873	269.4750000476837	2082.8500080108643
WL1	1984	299.5660003662109	267.439999961853	951.3779950290918
WL1	1985	299.6189998626709	267.67799987792966	879.8359994888306
WL1	1986	300.1590007781982	270.8219999313354	1268.2849910259247
WL1	1987	300.04100074768064	267.8099998474121	804.2310082316399
WL1	1988	301.0389999389648	268.24000015258787	719.3949981927872
WL1	1989	298.74499931335447	267.1769999504089	1040.2059951424599
WL1	1990	298.84700050354	265.3200000762939	717.2550015449524
WL1	1991	298.7169994354248	268.043000125885	939.1030104160309
WL1	1992	299.6840003967285	267.025	1016.3359932899475
WL1	1993	297.36299934387205	267.5389999389648	1133.6499915719032
WL1	1994	301.86699905395506	266.98300018310545	921.8289997577667
WL1	1995	298.8990005493164	270.1939999103546	1683.3399813175201
WL1	1996	300.1800006866455	270.3809999465942	1924.1859936714172
WL1	1997	299.1959995269775	268.76299991607664	1024.5629799365997
WL1	1998	300.278999710083	268.27599992752073	1625.3799967765808
WL1	1999	298.5389999389648	267.86000003814695	1127.3160133361816
WL1	2000	299.82799949645994	270.02599992752073	1184.1389873027802
WL1	2001	301.4330009460449	268.03299989700315	1031.6839926242828
WL1	2002	301.5439990997314	268.20900001525877	975.3800117019564
WL1	2003	301.3080009460449	269.2320000171661	1011.2760028839111
WL1	2004	299.98499908447263	268.4599999427795	907.80799472332
WL1	2005	301.3869995117187	270.25700011253355	1517.7109804153442
WL1	2006	301.5340007781982	267.2899998664856	1268.7360037267208
WL1	2007	300.8869995117187	268.49000015258787	709.1950026601553
WL1	2008	301.1910003662109	268.84000005722044	856.5740099549294
WL1	2009	301.0590003967285	269.00699987411497	1024.9060072302818
WL1	2010	299.69899978637693	270.27599992752073	1568.6329907178879
WL2	1981	299.3409999847412	267.84399976730344	1410.3619859293103
WL2	1982	296.2490009307861	265.9050001144409	1945.0289950370789
WL2	1983	294.525	267.7769998550415	2136.9300060272217
WL2	1984	297.7549995422363	265.70700016021726	991.3999956250191
WL2	1985	297.8829998016357	265.5399998664856	896.8989953994751
WL2	1986	298.49199905395506	270.1290000915527	1290.8959765434265
WL2	1987	298.54599990844724	266.461999797821	805.0229865759611
WL2	1988	299.25600090026853	267.1270002365112	753.2300088405609
WL2	1989	297.2110008239746	265.83599987030027	1065.4970119595528
WL2	1990	297.36699905395506	263.3040002822876	729.7300062179565
WL2	1991	297.0870002746582	266.2600001335144	955.1919994354248
WL2	1992	297.88500061035154	265.5350002288818	1026.189016342163
WL2	1993	295.86299934387205	266.4269999504089	1170.1890068361536
WL2	1994	299.6250003814697	265.7099999427795	939.2840087413788
WL2	1995	296.91700019836424	268.80299987792966	1719.7599993944168
WL2	1996	298.70200004577634	269.36199989318845	1998.6400079727173
WL2	1997	297.3449996948242	267.1589998245239	1044.9479928016663
WL2	1998	298.6189998626709	266.668000125885	1658.3100156784058
WL2	1999	296.6919998168945	266.3869999885559	1165.707006931305
WL2	2000	298.0439990997314	268.67400016784666	1254.85098195076
WL2	2001	299.8060001373291	266.40799989700315	1045.8000099658966
WL2	2002	299.69400062561033	266.9529999732971	988.8479984402657
WL2	2003	299.32600059509275	267.63199987411497	1039.0619931221008
WL2	2004	297.8820003509521	266.8409999847412	931.1249940097332
WL2	2005	299.4650005340576	269.6699999809265	1565.1000051498413
WL2	2006	299.22900047302244	265.9529999732971	1313.4540199935436
WL2	2007	299.0340007781982	267.2229999542236	728.5790082216263
WL2	2008	299.1910003662109	267.47999992370603	849.9069904088974
WL2	2009	298.79800071716306	267.70900001525877	1037.2039975523949
WL2	2010	298.0019992828369	268.9910000801086	1581.2180159687996
WR	1981	305.3099998474121	273.0130000054836	2238.655972838402
WR	1982	302.9970001220703	270.0029999256134	2474.2789976596832
WR	1983	301.1329998016357	272.1990000247955	3159.1480350494385
WR	1984	305.4859985351562	270.5500000953674	1252.0250129699707
WR	1985	304.6240009307861	271.28300001621244	1143.7720135450363
WR	1986	304.91799964904783	273.35700000226495	1988.0609543323517
WR	1987	304.35999908447263	271.064999961853	1285.3370008468628
WR	1988	305.17700042724607	272.3200000166893	1208.6609963923693
WR	1989	303.2490009307861	270.5559998989105	1454.9860305786133
WR	1990	302.9939998626709	269.3240000247955	1005.256981909275
WR	1991	302.9990009307861	271.7980000019073	1390.4619804620743
WR	1992	304.67000045776365	271.3060000181198	1447.0340242176317
WR	1993	300.7439998626709	271.2780000209808	1860.1069586277008
WR	1994	303.8759998321533	271.6840000391006	1299.556004524231
WR	1995	302.0240005493164	274.00500001907346	2585.207005262375
WR	1996	303.9410003662109	273.92700001001356	2876.9680082798004
WR	1997	301.70200004577634	272.5639999747276	1549.341002702713
WR	1998	304.0599998474121	271.04400005340574	2383.3969913721085
WR	1999	302.4049991607666	272.2029999732971	1465.8239926695824
WR	2000	303.1630004882812	274.060000026226	1724.8349742889404
WR	2001	304.5380004882812	272.2019999861717	1499.3439993858337
WR	2002	305.2740005493164	272.20800002813337	1522.490988067817
WR	2003	306.29500045776365	273.17800000086424	1509.85502243042
WR	2004	304.26800003051756	272.38100000619886	1270.2359956502914
WR	2005	305.3790000915527	273.3360000044107	2327.168031692505
WR	2006	305.80599822998045	271.66300001144407	1946.7490118145943
WR	2007	303.92300071716306	271.6860000133514	1168.941982269287
WR	2008	304.9580005645752	272.4389999747276	1161.1579914093018
WR	2009	304.7430004119873	272.78400000333784	1393.8519893884659
WR	2010	303.7889999389648	273.8520000219345	2257.7720136642456
YO11	1981	292.73499908447263	261.8689998626709	893.5509923021309
YO11	1982	291.3869995117187	259.63799991607664	1606.4609713554382
YO11	1983	289.3799995422363	260.6019996643066	1522.635983467102
YO11	1984	292.24000015258787	260.6309999465942	761.294002532959
YO11	1985	292.24199905395506	261.58400001525877	667.0940017700195
YO11	1986	292.33199920654295	262.4780000686645	827.786998987198
YO11	1987	293.2799991607666	258.4989999771118	627.6870040893555
YO11	1988	294.63999977111814	259.5890001296997	633.013994216919
YO11	1989	291.1600002288818	258.95000019073484	610.1850023269653
YO11	1990	290.1959995269775	257.98800029754636	491.49700927734375
YO11	1991	292.528999710083	260.10600032806394	680.0590014457703
YO11	1992	292.3740009307861	261.05499973297117	605.0520172119141
YO11	1993	291.1649993896484	260.8980001449585	590.7860059961677
YO11	1994	294.032999420166	260.1030000686645	674.5290064811707
YO11	1995	292.19400062561033	262.9469999313354	893.4339950084686
YO11	1996	293.55099906921384	263.9629997253418	1210.225967168808
YO11	1997	292.4380001068115	261.8200000762939	690.5629895329475
YO11	1998	293.6910003662109	260.6209997177124	966.2830174565315
YO11	1999	292.0919994354248	262.01800003051756	591.404002904892
YO11	2000	292.6590007781982	263.33000030517576	641.045994758606
YO11	2001	294.5009998321533	260.653999710083	890.063005194068
YO11	2002	294.89600028991697	261.80200042724607	552.9370136260986
YO11	2003	294.11599960327146	261.8469995498657	463.59700298309326
YO11	2004	292.52100028991697	261.25900020599363	786.1059951782227
YO11	2005	294.6140007019043	263.3779996871948	1042.2720057964325
YO11	2006	293.1569999694824	259.83000030517576	898.3360142707825
YO11	2007	294.59700050354	262.1829999923706	527.4629945755005
YO11	2008	293.54900016784666	262.6550001144409	881.2969993576407
YO11	2009	292.83199920654295	263.3790000915527	835.9880154132843
YO11	2010	292.6210006713867	264.10600032806394	1009.8440115968697
YO4	1981	299.60700073242185	272.38100000619886	1146.4419741090387
YO4	1982	296.77599945068357	270.208000087738	1879.9259796142578
YO4	1983	295.1019996643066	272.06799998283384	1957.8509950637817
YO4	1984	298.3060001373291	269.9699999332428	679.5740125179291
YO4	1985	298.593000793457	270.56000008583067	752.78200340271
YO4	1986	299.0830005645752	272.70700001120565	1182.9130023419857
YO4	1987	298.7819999694824	269.84000005722044	734.672994852066
YO4	1988	300.81900062561033	269.8649999141693	681.5090020895004
YO4	1989	298.8839992523193	268.7410000801086	727.9760065078735
YO4	1990	297.661999130249	268.71899976730344	577.2270001731813
YO4	1991	299.4400009155273	271.21099998950956	989.1560199260712
YO4	1992	299.5919994354248	268.84500017166135	849.8809970617294
YO4	1993	298.06900062561033	271.2639999628067	1082.7340068817139
YO4	1994	299.39200057983396	270.63600006103513	805.6789932250977
YO4	1995	297.58000030517576	273.86499997377393	1625.4370429515839
YO4	1996	299.2579998016357	272.80599998831747	1720.6300015449524
YO4	1997	297.15	270.2489999771118	878.143018245697
YO4	1998	299.08099975585935	269.429000043869	1602.0230131149292
YO4	1999	297.6880001068115	269.98699989318845	816.1810010671616
YO4	2000	297.92400016784666	272.3110000133514	1156.9970178604126
YO4	2001	299.1189998626709	270.6260000705719	1020.4040067195892
YO4	2002	299.911999130249	271.91499998569486	832.1360170841217
YO4	2003	299.64399948120115	271.332000041008	842.5070005655289
YO4	2004	297.64399948120115	270.3649999141693	938.4570138454437
YO4	2005	299.4419998168945	272.86299999952314	1373.410008430481
YO4	2006	300.26300086975095	268.458000087738	1199.6900026798248
YO4	2007	298.51800003051756	270.9050001144409	555.4889937639236
YO4	2008	299.23399963378904	271.00500001907346	908.3569997772574
YO4	2009	298.16700019836424	270.90799989700315	1072.9230040311813
YO4	2010	297.92400016784666	272.5129999756813	1523.3269864916801
YO7	1981	297.2159999847412	266.7839998245239	1269.0340032577515
YO7	1982	294.57200088500974	265.31900014877317	1989.695017337799
YO7	1983	292.7939990997314	266.4949997901916	2131.2409992218018
YO7	1984	296.0909999847412	264.0979999542236	833.7060029506683
YO7	1985	296.7850002288818	264.9690002441406	890.803018592298
YO7	1986	296.8050006866455	266.8720001220703	1389.3069608211517
YO7	1987	297.3130001068115	263.73699989318845	810.9019935131073
YO7	1988	298.5359996795654	264.0929998397827	823.0290069887415
YO7	1989	296.39699974060056	264.1279996871948	785.5040097236633
YO7	1990	295.47200050354	262.851000213623	713.1980090141296
YO7	1991	297.5009998321533	264.83400001525877	1171.0070133209229
YO7	1992	297.38800086975095	263.1510004043579	1031.1279997825623
YO7	1993	296.0089992523193	265.1320003509521	1196.1910152435303
YO7	1994	298.45299949645994	265.2280000686645	976.6080043613911
YO7	1995	296.0009998321533	267.22200002670286	1847.5729985237122
YO7	1996	297.51000061035154	267.18900003433225	1964.7289946079254
YO7	1997	295.89799919128416	264.60600032806394	1042.368025302887
YO7	1998	297.1600002288818	264.41700019836424	1696.6790204048157
YO7	1999	295.7269996643066	264.6880001068115	878.7640070915222
YO7	2000	296.4340003967285	266.583000087738	1133.8290182610508
YO7	2001	298.2239994049072	264.0350002288818	1137.787980556488
YO7	2002	298.13500061035154	265.71500005722044	1018.0610001087189
YO7	2003	297.6290000915527	266.5999998092651	1057.7299956083298
YO7	2004	296.60999908447263	264.5579999923706	987.8289911746979
YO7	2005	298.6290000915527	266.3850001335144	1633.4039964675903
YO7	2006	298.22999992370603	262.1889995574951	1313.2160110473633
YO7	2007	297.6189998626709	265.10600032806394	631.7660009264946
YO7	2008	297.7229999542236	265.70900001525877	1023.9409983158112
YO7	2009	297.11699905395506	265.88000001907346	1204.2890058755875
YO7	2010	296.8090003967285	266.9289998054504	1792.494010925293
YO8	1981	297.49499931335447	265.5729998588562	1301.5859956741333
YO8	1982	295.1810001373291	263.9699996948242	2005.5789964199066
YO8	1983	293.17199935913084	265.14899959564207	2199.7690048217773
YO8	1984	296.4189990997314	263.5540002822876	845.8330292701721
YO8	1985	296.843000793457	264.0260004043579	898.7560012042522
YO8	1986	297.0669998168945	266.14100017547605	1430.2109715938568
YO8	1987	297.36299934387205	262.8479999542236	821.0979971885681
YO8	1988	298.8120006561279	263.29400005340574	835.094001531601
YO8	1989	296.5900005340576	262.82800045013425	795.3350057601929
YO8	1990	295.6280006408691	262.70099964141843	706.7799973487854
YO8	1991	297.4729999542236	263.7780002593994	1181.9250106811523
YO8	1992	297.42199935913084	263.17299976348875	1047.8509855270386
YO8	1993	296.07900085449216	264.26400032043455	1218.125982284546
YO8	1994	298.44400062561033	264.14300003051756	1006.592001914978
YO8	1995	296.51599922180174	266.583000087738	1864.7149577140808
YO8	1996	297.8640007019043	266.5680002212524	2011.3500192165375
YO8	1997	296.33000030517576	264.35899963378904	1068.1949973106384
YO8	1998	297.51100006103513	264.16500034332273	1759.4630237817764
YO8	1999	296.05399932861326	264.4769996643066	914.128005027771
YO8	2000	296.79999961853025	266.09199991226194	1157.9579992294312
YO8	2001	298.5919994354248	263.69899978637693	1181.4669878482819
YO8	2002	298.5749992370605	264.7149995803833	1073.0529942512512
YO8	2003	298.0879997253418	265.31400003433225	1111.6789922714233
YO8	2004	296.95299949645994	263.8980001449585	1018.2709965705872
YO8	2005	298.92000045776365	265.8079999923706	1677.1669931411743
YO8	2006	298.5639995574951	261.85800018310545	1340.5650091171265
YO8	2007	298.0310005187988	264.9120000839233	640.6559982299805
YO8	2008	298.1280006408691	264.8169998168945	1038.9010074734688
YO8	2009	297.3990005493164	265.7249998092651	1227.8449919000268
YO8	2010	297.0940002441406	266.58400001525877	1870.6429977416992
